INSERT INTO ADDRESS VALUES (10000, 'CH', 'BS', '4051', 'Basel', 'Aeschenvorstadt', '12');
INSERT INTO ADDRESS VALUES (10001, 'CH', 'BS', '4057', 'Basel', 'Clarastrasse', '14');
INSERT INTO ADDRESS VALUES (10002, 'CH', 'ZH', '8001', 'Zürich', 'Bahnhofstrasse', '88');
INSERT INTO ADDRESS VALUES (10003, 'CH', 'BE', '3011', 'Bern', 'Kramgasse', '33');
INSERT INTO ADDRESS VALUES (10004, 'CH', 'AG', '5200', 'Brugg', 'Bahnhofstrasse', '7');
INSERT INTO ADDRESS VALUES (10005, 'CH', 'VS', '1950', 'Sion', 'Rue des Remparts', '4');
INSERT INTO ADDRESS VALUES (10006, 'CH', 'VS', '3930', 'Visp', 'Bahnhofstrasse', '11');
INSERT INTO ADDRESS VALUES (10007, 'CH', 'LU', '6003', 'Luzern', 'Hertensteinstrasse', '5');
INSERT INTO ADDRESS VALUES (10008, 'CH', 'TI', '6500', 'Bellinzona', 'Viale Stazione', '18');
INSERT INTO ADDRESS VALUES (10009, 'CH', 'GR', '7000', 'Chur', 'Poststrasse', '14');
INSERT INTO ADDRESS VALUES (10010, 'LI', NULL, '9490', 'Vaduz', 'Städtle', '17');
INSERT INTO ADDRESS VALUES (10011, 'CH', 'BS', '4051', 'Basel', 'Marktgasse', '18');
INSERT INTO ADDRESS VALUES (10012, 'CH', 'BS', '4051', 'Basel', 'Alpenstrasse', '22');
INSERT INTO ADDRESS VALUES (10013, 'CH', 'BE', '3011', 'Bern', 'Seestrasse', '6');
INSERT INTO ADDRESS VALUES (10014, 'CH', 'BS', '4051', 'Basel', 'Sonnenweg', '6');
INSERT INTO ADDRESS VALUES (10015, 'CH', 'BS', '4051', 'Basel', 'Industriestrasse', '20');
INSERT INTO ADDRESS VALUES (10016, 'CH', 'BS', '4051', 'Basel', 'Webergasse', '31');
INSERT INTO ADDRESS VALUES (10017, 'CH', 'TI', '6500', 'Bellinzona', 'Bahnhofstrasse', '16');
INSERT INTO ADDRESS VALUES (10018, 'CH', 'ZH', '8001', 'Zürich', 'Marktgasse', '4');
INSERT INTO ADDRESS VALUES (10019, 'CH', 'BE', '3011', 'Bern', 'Alpenstrasse', '7');
INSERT INTO ADDRESS VALUES (10020, 'CH', 'ZH', '8001', 'Zürich', 'Poststrasse', '23');
INSERT INTO ADDRESS VALUES (10021, 'CH', 'ZH', '8001', 'Zürich', 'Seestrasse', '14');
INSERT INTO ADDRESS VALUES (10022, 'CH', 'AG', '5200', 'Brugg', 'Poststrasse', '19');
INSERT INTO ADDRESS VALUES (10023, 'CH', 'GR', '7000', 'Chur', 'Bahnhofstrasse', '25');
INSERT INTO ADDRESS VALUES (10024, 'CH', 'AG', '5200', 'Brugg', 'Feldstrasse', '21');
INSERT INTO ADDRESS VALUES (10025, 'CH', 'VS', '1950', 'Sion', 'Zentralstrasse', '28');
INSERT INTO ADDRESS VALUES (10026, 'CH', 'VS', '1950', 'Sion', 'Feldstrasse', '21');
INSERT INTO ADDRESS VALUES (10027, 'CH', 'VS', '3930', 'Visp', 'Feldstrasse', '18');
INSERT INTO ADDRESS VALUES (10028, 'CH', 'VS', '3920', 'Zermatt', 'Bahnhofstrasse', '3');
INSERT INTO ADDRESS VALUES (10029, 'CH', 'LU', '6003', 'Luzern', 'Wiesenweg', '12');
INSERT INTO ADDRESS VALUES (10030, 'CH', 'LU', '6003', 'Luzern', 'Webergasse', '5');
INSERT INTO ADDRESS VALUES (10031, 'CH', 'TI', '6500', 'Bellinzona', 'Industriestrasse', '22');
INSERT INTO ADDRESS VALUES (10032, 'CH', 'TI', '6500', 'Bellinzona', 'Wiesenweg', '29');
INSERT INTO ADDRESS VALUES (10033, 'CH', 'TI', '6500', 'Bellinzona', 'Poststrasse', '15');
INSERT INTO ADDRESS VALUES (10034, 'CH', 'GR', '7000', 'Chur', 'Zentralstrasse', '22');
INSERT INTO ADDRESS VALUES (10035, 'CH', 'GR', '7000', 'Chur', 'Industriestrasse', '6');
INSERT INTO ADDRESS VALUES (10036, 'CH', 'GR', '7000', 'Chur', 'Kirchweg', '17');
INSERT INTO ADDRESS VALUES (10037, 'CH', 'AG', '5200', 'Brugg', 'Poststrasse', '29');
INSERT INTO ADDRESS VALUES (10038, 'CH', 'LU', '6003', 'Luzern', 'Bahnhofstrasse', '23');
INSERT INTO ADDRESS VALUES (10039, 'LI', NULL, '9490', 'Vaduz', 'Sonnenweg', '9');
INSERT INTO ADDRESS VALUES (10040, 'CH', 'AG', '5000', 'Aarau', 'Zentralstrasse', '1');

INSERT INTO SHOP VALUES (10, 'Absolute Bikes', 10000, NULL);
--INSERT INTO SHOP VALUES (11, 'Velorama Basel', 10001, NULL);
INSERT INTO SHOP VALUES (12, 'Cycle Zürich', 10002, NULL);
--INSERT INTO SHOP VALUES (13, 'Bern Rollt', 10003, NULL);
INSERT INTO SHOP VALUES (14, 'Velo-Brugg', 10004, NULL);
--INSERT INTO SHOP VALUES (15, 'Sion Cyclery', 10005, NULL);
INSERT INTO SHOP VALUES (16, 'Visp Velohaus', 10006, NULL);
--INSERT INTO SHOP VALUES (17, 'Luzern Bikes', 10007, NULL);
INSERT INTO SHOP VALUES (18, 'Bellinzona BikePro', 10008, NULL);
--INSERT INTO SHOP VALUES (19, 'Chur Riders', 10009, NULL);
INSERT INTO SHOP VALUES (20, 'Vaduz CyclePoint', 10010, NULL);
INSERT INTO SHOP VALUES (21, 'Velo-Suter Grächen', NULL, NULL);

INSERT INTO EMPLO VALUES (16051, 'Bea',NULL, DATE '2020-01-01', 'CEO', 1.0, 9000, 10040, NULL);
INSERT INTO EMPLO VALUES (16001, 'Luca',10, DATE '2022-01-01', 'Filialleitung', 1.0, 6200, 10011, 16051);
--INSERT INTO EMPLO VALUES (16005, 'Lena',11, DATE '2022-01-01', 'Filialleitung', 1.0, 6400, 10014, 16051);
INSERT INTO EMPLO VALUES (16013, 'Julia',12, DATE '2022-01-01', 'Filialleitung', 1.0, 6800, 10018, 16051);
--INSERT INTO EMPLO VALUES (16016, 'Leo',13, DATE '2022-01-01', 'Filialleitung', 1.0, 6200, 10020, 16051);
INSERT INTO EMPLO VALUES (16020, 'Noah',14, DATE '2022-01-01', 'Filialleitung', 1.0, 6200, 10022, 16051);
--INSERT INTO EMPLO VALUES (16025, 'Ella',15, DATE '2022-01-01', 'Filialleitung', 1.0, 6100, 10025, 16051);
INSERT INTO EMPLO VALUES (16030, 'Corinne',16, DATE '2022-02-01', 'Filialleitung', 1.0, 6200, 10028, 16051);
--INSERT INTO EMPLO VALUES (16032, 'Mia',17, DATE '2022-01-01', 'Filialleitung', 1.0, 6200, 10029, 16051);
INSERT INTO EMPLO VALUES (16038, 'David',18, DATE '2022-06-01', 'Filialleitung', 1.0, 6200, 10032, 16051);
--INSERT INTO EMPLO VALUES (16042, 'Ben',19, DATE '2022-01-01', 'Filialleitung', 1.0, 6600, 10034, 16051);
INSERT INTO EMPLO VALUES (16050, 'Felix',20, DATE '2022-05-01', 'Filialleitung', 1.0, 6050, 10039, 16051);
INSERT INTO EMPLO VALUES (16000, 'Mia',10, DATE '2022-01-01', 'Mechanik', 0.8, 4700, 10011, 16001);
INSERT INTO EMPLO VALUES (16002, 'Tim',10, DATE '2022-01-01', 'Beratung', 0.8, 5000, 10012, 16001);
INSERT INTO EMPLO VALUES (16003, 'Sophie',10, null, 'Mechanik', 0.8, 4800, 10012, 16001);
--INSERT INTO EMPLO VALUES (16004, 'Jonas',10, DATE '2024-01-01', 'Beratung', 0.8, 5100, 10013, 16002);
--INSERT INTO EMPLO VALUES (16006, 'David',10, DATE '2022-01-01', 'Mechanik', 0.8, 4900, 10014, 16005);
--INSERT INTO EMPLO VALUES (16007, 'Emma',10, DATE '2022-07-01', 'Beratung', 0.8, 5050, 10015, 16005);
--INSERT INTO EMPLO VALUES (16008, 'Nico',11, DATE '2022-01-01', 'Mechanik', 0.8, 4900, 10015, 16005);
--INSERT INTO EMPLO VALUES (16009, 'Laura',11, DATE '2022-07-01', 'Beratung', 0.8, 5000, 10016, 16005);
INSERT INTO EMPLO VALUES (16010, 'Ben',12, DATE '2022-01-01', 'Beratung', 0.8, 5100, 10017, 16013);
INSERT INTO EMPLO VALUES (16011, 'Anna',12, DATE '2025-01-01', 'Mechanik', 0.8, 5000, 10017, 16013);
INSERT INTO EMPLO VALUES (16012, 'Max',12, DATE '2023-01-01', 'Mechanik', 0.8, 4800, 10018, 16013);
--INSERT INTO EMPLO VALUES (16014, 'Fabio',13, DATE '2022-01-01', 'Beratung', 0.8, 5000, 10019, 16016);
--INSERT INTO EMPLO VALUES (16015, 'Nina',13, DATE '2022-07-01', 'Mechanik', 0.8, 4800, 10019, 16016);
--INSERT INTO EMPLO VALUES (16017, 'Clara',13, DATE '2023-01-01', 'Mechanik', 0.8, 4800, 10020, 16016);
INSERT INTO EMPLO VALUES (16018, 'Felix',14, DATE '2022-01-01', 'Beratung', 0.8, 5000, 10021, 16020);
--INSERT INTO EMPLO VALUES (16019, 'Lea',14, DATE '2023-01-01', 'Mechanik', 0.8, 4900, 10021, 16020);
INSERT INTO EMPLO VALUES (16055, 'Leon', NULL, NULL, NULL, NULL, NULL, NULL, 16018);
INSERT INTO EMPLO VALUES (16021, 'Marie',14, DATE '2022-01-01', 'Mechanik', 0.8, 4800, 10022, 16020);
INSERT INTO EMPLO VALUES (16022, 'Tom',14, DATE '2022-01-01', 'Beratung', 0.8, 5500, 10023, 16020);
--INSERT INTO EMPLO VALUES (16023, 'Sarah',NULL, DATE '2023-07-01', 'Praktikum', 0.8, 3800, 10024, 16025);
--INSERT INTO EMPLO VALUES (16024, 'Paul',15, DATE '2022-01-01', 'Mechanik', 0.8, 4700, 10024, 16025);
--INSERT INTO EMPLO VALUES (16026, 'Jan',15, DATE '2022-01-01', 'Beratung', 0.8, 5020, 10025, 16025);
--INSERT INTO EMPLO VALUES (16027, 'Yannick',15, DATE '2022-01-01', 'Beratung', 0.8, 5000, 10026, 16025);
--INSERT INTO EMPLO VALUES (16028, 'Melanie',16, DATE '2023-07-01', 'Beratung', 0.8, 5000, 10027, 16030);
INSERT INTO EMPLO VALUES (16029, 'Pascal',16, DATE '2023-06-06', 'Beratung', 0.8, 5100, 10027, 16030);
INSERT INTO EMPLO VALUES (16031, 'Silvan',16, DATE '2022-01-01', 'Mechanik', 0.8, 4850, 10028, 16029);
--INSERT INTO EMPLO VALUES (16033, 'Luca',17, DATE '2025-01-01', 'Beratung', 0.8, 5200, 10029, 16032);
--INSERT INTO EMPLO VALUES (16034, 'Tim',12, DATE '2022-01-01', 'Mechanik', 0.8, 5100, 10030, 16032);
--INSERT INTO EMPLO VALUES (16035, 'Sophie',17, DATE '2022-01-01', 'Beratung', 0.8, 6300, 10030, 16032);
INSERT INTO EMPLO VALUES (16036, 'Jonas',18, DATE '2022-01-01', 'Beratung', 0.8, 5300, 10031, 16038);
INSERT INTO EMPLO VALUES (16037, 'Lena',18, DATE '2024-01-01', 'Mechanik', 0.8, 4950, 10031, 16038);
--INSERT INTO EMPLO VALUES (16039, 'Emma',18, DATE '2024-03-01', 'Mechanik', 0.8, 4800, 10032, 16038);
--INSERT INTO EMPLO VALUES (16040, 'Nico',10, DATE '2022-01-01', 'Beratung', 0.8, 5000, 10033, 16038);
--INSERT INTO EMPLO VALUES (16041, 'Laura',19, DATE '2022-01-01', 'Mechanik', 0.8, 4800, 10034, 16042);
--INSERT INTO EMPLO VALUES (16043, 'Anna',19, DATE '2022-01-01', 'Beratung', 0.8, 5200, 10035, 16042);
--INSERT INTO EMPLO VALUES (16044, 'Max',19, DATE '2022-01-01', 'Beratung', 0.8, 5100, 10035, 16042);
--INSERT INTO EMPLO VALUES (16045, 'Julia',19, DATE '2024-01-01', 'Mechanik', 0.8, 4800, 10036, 16042);
INSERT INTO EMPLO VALUES (16046, 'Fabio',20, DATE '2024-03-01', 'Mechanik', 0.8, 4800, 10037, 16050);
--INSERT INTO EMPLO VALUES (16047, 'Nina',13, DATE '2022-01-01', 'Beratung', 0.8, 5200, 10037, 16050);
INSERT INTO EMPLO VALUES (16048, 'Leo',20, NULL, 'Praktikum', 0.8, 4100, 10038, 16050);
INSERT INTO EMPLO VALUES (16049, 'Anna',20, DATE '2024-01-01', 'Mechanik', 0.8, 5050, 10038, 16050);

UPDATE SHOP SET MANAGER = 16001 WHERE ID = 10;
--UPDATE SHOP SET MANAGER = 16005 WHERE ID = 11;
UPDATE SHOP SET MANAGER = 16013 WHERE ID = 12;
--UPDATE SHOP SET MANAGER = 16016 WHERE ID = 13;
UPDATE SHOP SET MANAGER = 16020 WHERE ID = 14;
--UPDATE SHOP SET MANAGER = 16025 WHERE ID = 15;
UPDATE SHOP SET MANAGER = 16030 WHERE ID = 16;
--UPDATE SHOP SET MANAGER = 16032 WHERE ID = 17;
UPDATE SHOP SET MANAGER = 16038 WHERE ID = 18;
--UPDATE SHOP SET MANAGER = 16042 WHERE ID = 19;

INSERT INTO BIKE_TYPE VALUES (1, 'City', 'Komfortables Fahrrad für den Stadtverkehr');
INSERT INTO BIKE_TYPE VALUES (2, 'Trekking', 'Vielseitiges Rad für Alltag und Touren');
INSERT INTO BIKE_TYPE VALUES (3, 'MTB', 'Robustes Mountainbike für Gelände und Trails');
INSERT INTO BIKE_TYPE VALUES (4, 'Road', 'Leichtes Rennrad für hohe Geschwindigkeit');
INSERT INTO BIKE_TYPE VALUES (5, 'Gravel', 'Allroad-Bike für Straße und Schotter');
INSERT INTO BIKE_TYPE VALUES (6, 'Cargo', 'Lastenrad für Transport und Kinder');

INSERT INTO BIKE VALUES (30000, 'Loadster', 'L', '29', 6, 0, 12, 10);
INSERT INTO BIKE VALUES (30001, 'Loadster', 'XL', '28', 6, 1, 10.5, 10);
INSERT INTO BIKE VALUES (30002, 'RockMaster', 'S', '28', 3, 1, null, 10);
INSERT INTO BIKE VALUES (30003, 'RoadPro', 'M', '29', 4, 0, 12, 10);
--INSERT INTO BIKE VALUES (30004, 'RoadPro', 'S', '27.5', 4, 0, 13, 11);
--INSERT INTO BIKE VALUES (30005, 'SpeedMax', 'XL', '29', 4, 0, 15, 11);
--INSERT INTO BIKE VALUES (30006, 'Pathway', 'L', '27.5', 2, 0, 11, 11);
--INSERT INTO BIKE VALUES (30007, 'RockMaster', 'L', '28', 3, 0, 9.5, 11);
INSERT INTO BIKE VALUES (30008, 'GrindRoad', 'S', '26', 5, 1, 18, 12);
INSERT INTO BIKE VALUES (30009, 'SpeedMax', 'S', '26', 4, 0, 12, 12);
INSERT INTO BIKE VALUES (30010, 'Pathway', 'M', '28', 2, 1, 12, 12);
INSERT INTO BIKE VALUES (30011, 'CityLite', 'XL', '28', 1, 0, 12, 12);
INSERT INTO BIKE VALUES (30012, 'Loadster', 'M', '28', 6, 1, 11, 12);
INSERT INTO BIKE VALUES (30013, 'RoadPro', 'L', '29', 4, 0, 10, 12);
INSERT INTO BIKE VALUES (30014, 'TrekStar', 'L', '29', 2, 1, 10, 12);
INSERT INTO BIKE VALUES (30015, 'Pathway', 'M', '26', 2, 0, 11.5, 12);
INSERT INTO BIKE VALUES (30016, 'RockMaster', 'M', '29', 3, 1, 12.5, 12);
--INSERT INTO BIKE VALUES (30017, 'CargoGo', 'L', '26', 6, 0, 11, 13);
--INSERT INTO BIKE VALUES (30018, 'SpeedMax', 'L', '27.5', 4, 1, 12.5, 13);
--INSERT INTO BIKE VALUES (30019, 'TrailKing', 'L', '27.5', 3, 1, 12, 13);
--INSERT INTO BIKE VALUES (30020, 'Pathway', 'L', '29', 2, 1, 10, 13);
--INSERT INTO BIKE VALUES (30021, 'Pathway', 'S', '26', 2, 0, 19, 13);
--INSERT INTO BIKE VALUES (30022, 'TrailKing', 'S', '27.5', 3, 1, 20, 13);
--INSERT INTO BIKE VALUES (30023, 'Loadster', 'XL', '28', 6, 1, 19, 13);
--INSERT INTO BIKE VALUES (30024, 'TrekStar', 'M', '28', 2, 1, 18, 13);
--INSERT INTO BIKE VALUES (30025, 'UrbanRide', 'XL', '28', 1, 12, 1, 13);
INSERT INTO BIKE VALUES (30026, 'CargoGo', 'XL', '27.5', 6, 1, 12.5, 14);
INSERT INTO BIKE VALUES (30027, 'Pathway', 'S', '27.5', 2, 0, 11.5, 14);
INSERT INTO BIKE VALUES (30028, 'RoadPro', 'XL', '29', 4, 0, 12.5, 14);
INSERT INTO BIKE VALUES (30029, 'Loadster', 'XL', '28', 6, 0, 13.5, 14);
INSERT INTO BIKE VALUES (30030, 'GravelX', 'M', '29', 5, 0, 12, 14);
--INSERT INTO BIKE VALUES (30031, 'RockMaster', 'L', '26', 3, 1, 12, 15);
--INSERT INTO BIKE VALUES (30032, 'CityLite', 'S', '26', 1, 12, 1, 15);
--INSERT INTO BIKE VALUES (30033, 'TrailKing', 'S', '29', 3, 1, 14, 15);
--INSERT INTO BIKE VALUES (30034, 'UrbanRide', 'L', '26', 1, 12, 1, 15);
--INSERT INTO BIKE VALUES (30035, 'UrbanRide', 'S', '28', 1, 0, 14.5, 15);
--INSERT INTO BIKE VALUES (30036, 'Loadster', 'L', '27.5', 6, 0, 12.5, 15);
--INSERT INTO BIKE VALUES (30037, 'GravelX', 'L', '28', 5, 0, 13, 15);
--INSERT INTO BIKE VALUES (30038, 'GrindRoad', 'S', '27.5', 5, 0, 12, 15);
--INSERT INTO BIKE VALUES (30039, 'UrbanRide', 'S', '26', 1, 0, 12, 15);
INSERT INTO BIKE VALUES (30040, 'TrailKing', 'S', '29', 3, 1, 13, 16);
INSERT INTO BIKE VALUES (30041, 'UrbanRide', 'S', '27.5', 1, 12.5, 1, 16);
INSERT INTO BIKE VALUES (30042, 'CargoGo', 'M', '27.5', 6, 0, 12.5, 16);
INSERT INTO BIKE VALUES (30043, 'UrbanRide', 'S', '26', 1, 0, 10.5, 16);
INSERT INTO BIKE VALUES (30044, 'SpeedMax', 'M', '27.5', 4, 1, 12, 16);
INSERT INTO BIKE VALUES (30045, 'GrindRoad', 'L', '27.5', 5, 1, 18, 16);
INSERT INTO BIKE VALUES (30046, 'GrindRoad', 'M', '29', 5, 1, 18, 16);
INSERT INTO BIKE VALUES (30047, 'CityLite', 'M', '29', 1, 0, 17, 16);
INSERT INTO BIKE VALUES (30048, 'Pathway', 'XL', '28', 2, 0, 16, 16);
--INSERT INTO BIKE VALUES (30049, 'GravelX', 'S', '26', 5, 1, 12, 17);
--INSERT INTO BIKE VALUES (30050, 'TrekStar', 'L', '26', 2, 1, 12, 17);
--INSERT INTO BIKE VALUES (30051, 'RoadPro', 'L', '28', 4, 1, 12, 17);
--INSERT INTO BIKE VALUES (30052, 'UrbanRide', 'M', '29', 1, 12, 1, 17);
INSERT INTO BIKE VALUES (30053, 'TrailKing', 'XL', '29', 3, 1, 12, 18);
INSERT INTO BIKE VALUES (30054, 'GravelX', 'M', '26', 5, 0, 11, 18);
INSERT INTO BIKE VALUES (30055, 'TrekStar', 'M', '28', 2, 1, 12, 18);
INSERT INTO BIKE VALUES (30056, 'Pathway', 'XL', '29', 2, 1, 14, 18);
INSERT INTO BIKE VALUES (30057, 'GravelX', 'M', '27.5', 5, 1, 14.5, 18);
INSERT INTO BIKE VALUES (30058, 'TrekStar', 'XL', '28', 2, 0, 18, 18);
--INSERT INTO BIKE VALUES (30059, 'TrekStar', 'S', '29', 2, 1, 12, 19);
--INSERT INTO BIKE VALUES (30060, 'TrekStar', 'XL', '28', 2, 0, 12, 19);
--INSERT INTO BIKE VALUES (30061, 'Loadster', 'S', '26', 6, 1, 12, 19);
--INSERT INTO BIKE VALUES (30062, 'Pathway', 'L', '29', 2, 0, 12, 19);
--INSERT INTO BIKE VALUES (30063, 'RockMaster', 'XL', '28', 3, 0, 12, 19);
--INSERT INTO BIKE VALUES (30064, 'GravelX', 'M', '29', 5, 1, 12, 19);
INSERT INTO BIKE VALUES (30065, 'TrekStar', 'S', '28', 2, 0, 14, 20);
INSERT INTO BIKE VALUES (30066, 'SpeedMax', 'S', '26', 4, 0, null, 20);
INSERT INTO BIKE VALUES (30067, 'CargoGo', 'M', '29', 6, 0, 10.5, 20);
INSERT INTO BIKE VALUES (30068, 'RockMaster', 'S', '29', 3, 0, 11, 20);
INSERT INTO BIKE VALUES (30069, 'SpeedMax', 'M', '26', 4, 1, 14.5, 20);
--INSERT INTO BIKE VALUES (30070,  'RoadPro', 'L', '28', 4, 1, 12, 17);
INSERT INTO BIKE VALUES (30071,  'RockMaster', 'S', '28', 3, 1, 12, 10);
--INSERT INTO BIKE VALUES (30072,  'UrbanRide', 'S', '26', 1, 0, 12, 15);

INSERT INTO ADDRESS VALUES (20000, 'CH', 'AG', '1000', 'Aarau', 'Mühlegasse', '15B');
INSERT INTO ADDRESS VALUES (20001, 'CH', 'AG', '1000', 'Aarau', 'Buchenweg', '36');
INSERT INTO ADDRESS VALUES (20002, 'CH', 'AG', '1000', 'Aarau', 'Lindenstrasse', '23');
INSERT INTO ADDRESS VALUES (20003, 'CH', 'AG', '1000', 'Aarau', 'Mühlegasse', '20');
INSERT INTO ADDRESS VALUES (20004, 'CH', 'AG', '1000', 'Aarau', 'Mühlegasse', '23B');
INSERT INTO ADDRESS VALUES (20005, 'CH', 'AG', '1000', 'Aarau', 'Industriestrasse', '48');
INSERT INTO ADDRESS VALUES (20006, 'CH', 'AG', '1000', 'Aarau', 'Amselweg', '50');
INSERT INTO ADDRESS VALUES (20007, 'CH', 'AI', '1100', 'Appenzell', 'Sonnenweg', '28B');
INSERT INTO ADDRESS VALUES (20008, 'CH', 'AI', '1100', 'Appenzell', 'Sonnenweg', '4');
INSERT INTO ADDRESS VALUES (20009, 'CH', 'AI', '1100', 'Appenzell', 'Weinbergstrasse', '40');
INSERT INTO ADDRESS VALUES (20010, 'CH', 'AI', '1100', 'Appenzell', 'Alpenweg', '18');
INSERT INTO ADDRESS VALUES (20011, 'CH', 'AR', '1200', 'Herisau', 'Mühlegasse', '17');
INSERT INTO ADDRESS VALUES (20012, 'CH', 'AR', '1200', 'Herisau', 'Feldstrasse', '25');
INSERT INTO ADDRESS VALUES (20013, 'CH', 'AR', '1200', 'Herisau', 'Seestrasse', '4');
INSERT INTO ADDRESS VALUES (20014, 'CH', 'BE', '1300', 'Bern', 'Lindenstrasse', '17');
INSERT INTO ADDRESS VALUES (20015, 'CH', 'BE', '1300', 'Bern', 'Bergstrasse', '38');
INSERT INTO ADDRESS VALUES (20016, 'CH', 'BE', '1300', 'Bern', 'Feldstrasse', '43A');
INSERT INTO ADDRESS VALUES (20017, 'CH', 'BE', '1300', 'Bern', 'Mühlegasse', '27A');
INSERT INTO ADDRESS VALUES (20018, 'CH', 'BE', '1300', 'Bern', 'Kirchgasse', '10');
INSERT INTO ADDRESS VALUES (20019, 'CH', 'BE', '1300', 'Bern', 'Seestrasse', '12');
INSERT INTO ADDRESS VALUES (20020, 'CH', 'BE', '1300', 'Bern', 'Wiesenweg', '19');
INSERT INTO ADDRESS VALUES (20021, 'CH', 'BL', '1400', 'Liestal', 'Buchenweg', '39A');
INSERT INTO ADDRESS VALUES (20022, 'CH', 'BL', '1400', 'Liestal', 'Schulstrasse', '15');
INSERT INTO ADDRESS VALUES (20023, 'CH', 'BL', '1400', 'Liestal', 'Schulstrasse', '35');
INSERT INTO ADDRESS VALUES (20024, 'CH', 'BS', '1500', 'Basel', 'Schulstrasse', '46B');
INSERT INTO ADDRESS VALUES (20025, 'CH', 'BS', '1500', 'Basel', 'Marktgasse', '38A');
INSERT INTO ADDRESS VALUES (20026, 'CH', 'BS', '1500', 'Basel', 'Bahnhofstrasse', '39');
INSERT INTO ADDRESS VALUES (20027, 'CH', 'BS', '1500', 'Basel', 'Kirchgasse', '26');
INSERT INTO ADDRESS VALUES (20028, 'CH', 'BS', '1500', 'Basel', 'Wiesenweg', '10');
INSERT INTO ADDRESS VALUES (20029, 'CH', 'BS', '1500', 'Basel', 'Industriestrasse', '36');
INSERT INTO ADDRESS VALUES (20030, 'CH', 'BS', '1500', 'Basel', 'Industriestrasse', '16A');
INSERT INTO ADDRESS VALUES (20031, 'CH', 'BS', '1500', 'Basel', 'Bahnhofstrasse', '10');
INSERT INTO ADDRESS VALUES (20032, 'CH', 'BS', '1500', 'Basel', 'Feldstrasse', '33');
INSERT INTO ADDRESS VALUES (20033, 'CH', 'FR', '1600', 'Fribourg', 'Rue du Rhône', '9');
INSERT INTO ADDRESS VALUES (20034, 'CH', 'FR', '1600', 'Fribourg', 'Chemin des Lilas', '7B');
INSERT INTO ADDRESS VALUES (20035, 'CH', 'FR', '1600', 'Fribourg', 'Rue de Lausanne', '38');
INSERT INTO ADDRESS VALUES (20036, 'CH', 'GE', '1700', 'Genève', 'Rue du Rhône', '30');
INSERT INTO ADDRESS VALUES (20037, 'CH', 'GE', '1700', 'Genève', 'Rue du Rhône', '13');
INSERT INTO ADDRESS VALUES (20038, 'CH', 'GE', '1700', 'Genève', 'Chemin des Lilas', '31');
INSERT INTO ADDRESS VALUES (20039, 'CH', 'GE', '1700', 'Genève', 'Chemin des Lilas', '10');
INSERT INTO ADDRESS VALUES (20040, 'CH', 'GL', '1800', 'Glarus', 'Lindenstrasse', '39B');
INSERT INTO ADDRESS VALUES (20041, 'CH', 'GL', '1800', 'Glarus', 'Mühlegasse', '33');
INSERT INTO ADDRESS VALUES (20042, 'CH', 'GL', '1800', 'Glarus', 'Feldstrasse', '2B');
INSERT INTO ADDRESS VALUES (20043, 'CH', 'GL', '1800', 'Glarus', 'Hauptstrasse', '48');
INSERT INTO ADDRESS VALUES (20044, 'CH', 'GR', '1900', 'Chur', 'Seestrasse', '34');
INSERT INTO ADDRESS VALUES (20045, 'CH', 'GR', '1900', 'Chur', 'Lindenstrasse', '30');
INSERT INTO ADDRESS VALUES (20046, 'CH', 'GR', '1900', 'Chur', 'Lindenstrasse', '31');
INSERT INTO ADDRESS VALUES (20047, 'CH', 'GR', '1900', 'Chur', 'Bergstrasse', '40B');
INSERT INTO ADDRESS VALUES (20048, 'CH', 'GR', '1900', 'Chur', 'Alpenblick', '4');
INSERT INTO ADDRESS VALUES (20049, 'CH', 'GR', '1900', 'Chur', 'Buchenweg', '36A');
INSERT INTO ADDRESS VALUES (20050, 'CH', 'GR', '1900', 'Chur', 'Hauptstrasse', '24');
INSERT INTO ADDRESS VALUES (20051, 'CH', 'GR', '1900', 'Chur', 'Lindenstrasse', '34');
INSERT INTO ADDRESS VALUES (20052, 'CH', 'GR', '1900', 'Chur', 'Buchenweg', '48');
INSERT INTO ADDRESS VALUES (20053, 'CH', 'GR', '1900', 'Chur', 'Hauptstrasse', '25');
INSERT INTO ADDRESS VALUES (20054, 'CH', 'JU', '2000', 'Delémont', 'Rue de Lausanne', '6');
INSERT INTO ADDRESS VALUES (20055, 'CH', 'JU', '2000', 'Delémont', 'Rue de Lausanne', '48A');
INSERT INTO ADDRESS VALUES (20056, 'CH', 'JU', '2000', 'Delémont', 'Chemin des Lilas', '44');
INSERT INTO ADDRESS VALUES (20057, 'CH', 'JU', '2000', 'Delémont', 'Rue du Rhône', '21');
INSERT INTO ADDRESS VALUES (20058, 'CH', 'LU', '2100', 'Luzern', 'Marktgasse', '5');
INSERT INTO ADDRESS VALUES (20059, 'CH', 'LU', '2100', 'Luzern', 'Sonnenweg', '17B');
INSERT INTO ADDRESS VALUES (20060, 'CH', 'LU', '2100', 'Luzern', 'Bergstrasse', '1A');
INSERT INTO ADDRESS VALUES (20061, 'CH', 'LU', '2100', 'Luzern', 'Feldstrasse', '37');
INSERT INTO ADDRESS VALUES (20062, 'CH', 'LU', '2100', 'Luzern', 'Feldstrasse', '49');
INSERT INTO ADDRESS VALUES (20063, 'CH', 'LU', '2100', 'Luzern', 'Bergstrasse', '13');
INSERT INTO ADDRESS VALUES (20064, 'CH', 'LU', '2100', 'Luzern', 'Buchenweg', '20');
INSERT INTO ADDRESS VALUES (20065, 'CH', 'NE', '2200', 'Neuchâtel', 'Rue de la Gare', '50A');
INSERT INTO ADDRESS VALUES (20066, 'CH', 'NE', '2200', 'Neuchâtel', 'Rue du Rhône', '6');
INSERT INTO ADDRESS VALUES (20067, 'CH', 'NE', '2200', 'Neuchâtel', 'Avenue des Alpes', '15');
INSERT INTO ADDRESS VALUES (20068, 'CH', 'NE', '2200', 'Neuchâtel', 'Rue du Rhône', '6');
INSERT INTO ADDRESS VALUES (20069, 'CH', 'NW', '2300', 'Stans', 'Weinbergstrasse', '5');
INSERT INTO ADDRESS VALUES (20070, 'CH', 'NW', '2300', 'Stans', 'Amselweg', '29A');
INSERT INTO ADDRESS VALUES (20071, 'CH', 'OW', '2400', 'Sarnen', 'Hauptstrasse', '27B');
INSERT INTO ADDRESS VALUES (20072, 'CH', 'OW', '2400', 'Sarnen', 'Industriestrasse', '26A');
INSERT INTO ADDRESS VALUES (20073, 'CH', 'OW', '2400', 'Sarnen', 'Seestrasse', '1');
INSERT INTO ADDRESS VALUES (20074, 'CH', 'SG', '2500', 'St. Gallen', 'Hauptstrasse', '12');
INSERT INTO ADDRESS VALUES (20075, 'CH', 'SG', '2500', 'St. Gallen', 'Schulstrasse', '30');
INSERT INTO ADDRESS VALUES (20076, 'CH', 'SG', '2500', 'St. Gallen', 'Industriestrasse', '26B');
INSERT INTO ADDRESS VALUES (20077, 'CH', 'SG', '2500', 'St. Gallen', 'Amselweg', '14');
INSERT INTO ADDRESS VALUES (20078, 'CH', 'SH', '2600', 'Schaffhausen', 'Alpenweg', '34');
INSERT INTO ADDRESS VALUES (20079, 'CH', 'SH', '2600', 'Schaffhausen', 'Bahnhofstrasse', '47');
INSERT INTO ADDRESS VALUES (20080, 'CH', 'SH', '2600', 'Schaffhausen', 'Lindenstrasse', '4');
INSERT INTO ADDRESS VALUES (20081, 'CH', 'SH', '2600', 'Schaffhausen', 'Amselweg', '43B');
INSERT INTO ADDRESS VALUES (20082, 'CH', 'SO', '2700', 'Solothurn', 'Marktgasse', '4A');
INSERT INTO ADDRESS VALUES (20083, 'CH', 'SO', '2700', 'Solothurn', 'Bahnhofstrasse', '31A');
INSERT INTO ADDRESS VALUES (20084, 'CH', 'SO', '2700', 'Solothurn', 'Bergstrasse', '2');
INSERT INTO ADDRESS VALUES (20085, 'CH', 'SO', '2700', 'Solothurn', 'Amselweg', '40B');
INSERT INTO ADDRESS VALUES (20086, 'CH', 'SZ', '2800', 'Schwyz', 'Wiesenweg', '42A');
INSERT INTO ADDRESS VALUES (20087, 'CH', 'SZ', '2800', 'Schwyz', 'Lindenstrasse', '40');
INSERT INTO ADDRESS VALUES (20088, 'CH', 'SZ', '2800', 'Schwyz', 'Industriestrasse', '32');
INSERT INTO ADDRESS VALUES (20089, 'CH', 'SZ', '2800', 'Schwyz', 'Marktgasse', '32A');
INSERT INTO ADDRESS VALUES (20090, 'CH', 'TG', '2900', 'Frauenfeld', 'Mühlegasse', '3');
INSERT INTO ADDRESS VALUES (20091, 'CH', 'TG', '2900', 'Frauenfeld', 'Hauptstrasse', '42');
INSERT INTO ADDRESS VALUES (20092, 'CH', 'TG', '2900', 'Frauenfeld', 'Kirchgasse', '14B');
INSERT INTO ADDRESS VALUES (20093, 'CH', 'TG', '2900', 'Frauenfeld', 'Tannenweg', '6A');
INSERT INTO ADDRESS VALUES (20094, 'CH', 'TI', '3000', 'Bellinzona', 'Via Stazione', '3');
INSERT INTO ADDRESS VALUES (20095, 'CH', 'TI', '3000', 'Bellinzona', 'Viale Verbano', '5');
INSERT INTO ADDRESS VALUES (20096, 'CH', 'TI', '3000', 'Bellinzona', 'Via Stazione', '19');
INSERT INTO ADDRESS VALUES (20097, 'CH', 'TI', '3000', 'Bellinzona', 'Via Cantonale', '9B');
INSERT INTO ADDRESS VALUES (20098, 'CH', 'TI', '3000', 'Bellinzona', 'Via Roma', '15A');
INSERT INTO ADDRESS VALUES (20099, 'CH', 'TI', '3000', 'Bellinzona', 'Via Roma', '46A');
INSERT INTO ADDRESS VALUES (20100, 'CH', 'TI', '3000', 'Bellinzona', 'Via Stazione', '31A');
INSERT INTO ADDRESS VALUES (20101, 'CH', 'TI', '3000', 'Bellinzona', 'Via Stazione', '44');
INSERT INTO ADDRESS VALUES (20102, 'CH', 'TI', '3000', 'Bellinzona', 'Via delle Scuole', '40');
INSERT INTO ADDRESS VALUES (20103, 'CH', 'UR', '3100', 'Altdorf', 'Wiesenweg', '20');
INSERT INTO ADDRESS VALUES (20104, 'CH', 'UR', '3100', 'Altdorf', 'Bergstrasse', '35');
INSERT INTO ADDRESS VALUES (20105, 'CH', 'UR', '3100', 'Altdorf', 'Mühlegasse', '19A');
INSERT INTO ADDRESS VALUES (20106, 'CH', 'UR', '3100', 'Altdorf', 'Amselweg', '9B');
INSERT INTO ADDRESS VALUES (20107, 'CH', 'VD', '3200', 'Lausanne', 'Chemin des Lilas', '48A');
INSERT INTO ADDRESS VALUES (20108, 'CH', 'VD', '3200', 'Lausanne', 'Rue de la Gare', '30B');
INSERT INTO ADDRESS VALUES (20109, 'CH', 'VD', '3200', 'Lausanne', 'Chemin des Lilas', '14A');
INSERT INTO ADDRESS VALUES (20110, 'CH', 'VD', '3200', 'Lausanne', 'Rue du Rhône', '33');
INSERT INTO ADDRESS VALUES (20111, 'CH', 'VS', '3300', 'Sion', 'Buchenweg', '6');
INSERT INTO ADDRESS VALUES (20112, 'CH', 'VS', '3300', 'Sion', 'Bergstrasse', '26');
INSERT INTO ADDRESS VALUES (20113, 'CH', 'VS', '3300', 'Sion', 'Feldstrasse', '37');
INSERT INTO ADDRESS VALUES (20114, 'CH', 'VS', '3300', 'Sion', 'Bahnhofstrasse', '18');
INSERT INTO ADDRESS VALUES (20115, 'CH', 'VS', '3300', 'Sion', 'Feldstrasse', '10A');
INSERT INTO ADDRESS VALUES (20116, 'CH', 'VS', '3300', 'Sion', 'Seestrasse', '19');
INSERT INTO ADDRESS VALUES (20117, 'CH', 'VS', '3300', 'Sion', 'Feldstrasse', '33');
INSERT INTO ADDRESS VALUES (20118, 'CH', 'VS', '3300', 'Sion', 'Marktgasse', '14');
INSERT INTO ADDRESS VALUES (20119, 'CH', 'VS', '3300', 'Sion', 'Sonnenweg', '12');
INSERT INTO ADDRESS VALUES (20120, 'CH', 'VS', '3300', 'Sion', 'Bahnhofstrasse', '34A');
INSERT INTO ADDRESS VALUES (20121, 'CH', 'ZG', '3400', 'Zug', 'Industriestrasse', '15');
INSERT INTO ADDRESS VALUES (20122, 'CH', 'ZG', '3400', 'Zug', 'Kirchgasse', '18');
INSERT INTO ADDRESS VALUES (20123, 'CH', 'ZG', '3400', 'Zug', 'Schulstrasse', '1B');
INSERT INTO ADDRESS VALUES (20124, 'CH', 'ZG', '3400', 'Zug', 'Feldstrasse', '16B');
INSERT INTO ADDRESS VALUES (20125, 'CH', 'ZH', '3500', 'Zürich', 'Buchenweg', '31');
INSERT INTO ADDRESS VALUES (20126, 'CH', 'ZH', '3500', 'Zürich', 'Schulstrasse', '25B');
INSERT INTO ADDRESS VALUES (20127, 'CH', 'ZH', '3500', 'Zürich', 'Seestrasse', '50');
INSERT INTO ADDRESS VALUES (20128, 'CH', 'ZH', '3500', 'Zürich', 'Feldstrasse', '46');
INSERT INTO ADDRESS VALUES (20129, 'CH', 'ZH', '3500', 'Zürich', 'Seestrasse', '13B');
INSERT INTO ADDRESS VALUES (20130, 'CH', 'ZH', '3500', 'Zürich', 'Hauptstrasse', '15');
INSERT INTO ADDRESS VALUES (20131, 'CH', 'ZH', '3500', 'Zürich', 'Kirchgasse', '21B');
INSERT INTO ADDRESS VALUES (20132, 'CH', 'SG', '2500', 'St. Gallen', 'Alpenweg', '41B');
INSERT INTO ADDRESS VALUES (20133, 'CH', 'SG', '2500', 'St. Gallen', 'Hauptstrasse', '32');
INSERT INTO ADDRESS VALUES (20134, 'CH', 'NE', '2200', 'Neuchâtel', 'Rue du Rhône', '28B');
INSERT INTO ADDRESS VALUES (20135, 'CH', 'BL', '1400', 'Liestal', 'Schulstrasse', '44B');
INSERT INTO ADDRESS VALUES (20136, 'CH', 'OW', '2400', 'Sarnen', 'Wiesenweg', '21');
INSERT INTO ADDRESS VALUES (20137, 'CH', 'VD', '3200', 'Lausanne', 'Rue de Lausanne', '8');
INSERT INTO ADDRESS VALUES (20138, 'LI', NULL, '9490', 'Vaduz', 'Auweg', '29');
INSERT INTO ADDRESS VALUES (20139, 'LI', NULL, '9490', 'Vaduz', 'Am Schloss', '30B');
INSERT INTO ADDRESS VALUES (20140, 'LI', NULL, '9490', 'Vaduz', 'Apfelallee', '28');

INSERT INTO CUSTOMER VALUES (50000, 'Laura', 0, 20000);
INSERT INTO CUSTOMER VALUES (50001, 'Max', 1, 20001);
INSERT INTO CUSTOMER VALUES (50002, 'Mia', 0, 20001);
INSERT INTO CUSTOMER VALUES (50003, 'Lea', 3, 20002);
INSERT INTO CUSTOMER VALUES (50004, 'Tom', 0, 20000);
INSERT INTO CUSTOMER VALUES (50005, 'Nina', 0, 20001);
INSERT INTO CUSTOMER VALUES (50006, 'Anna', 0, 20003);
INSERT INTO CUSTOMER VALUES (50007, 'Marie', 0, 20004);
INSERT INTO CUSTOMER VALUES (50008, 'Paul', 0, 20005);
INSERT INTO CUSTOMER VALUES (50009, 'Tim', 0, 20006);
INSERT INTO CUSTOMER VALUES (50010, 'Tom', 0, 20007);
INSERT INTO CUSTOMER VALUES (50011, 'Ben', 0, 20008);
INSERT INTO CUSTOMER VALUES (50012, 'Noah', 0, 20009);
INSERT INTO CUSTOMER VALUES (50013, 'Luca', 0, 20010);
INSERT INTO CUSTOMER VALUES (50014, 'Lena', 1, 20011);
INSERT INTO CUSTOMER VALUES (50015, 'Tom', 1, 20012);
INSERT INTO CUSTOMER VALUES (50016, 'Emma', 0, 20013);
INSERT INTO CUSTOMER VALUES (50017, 'Lea', 1, 20012);
INSERT INTO CUSTOMER VALUES (50018, 'Tom', 1, 20014);
INSERT INTO CUSTOMER VALUES (50019, 'Noah', 0, 20015);
INSERT INTO CUSTOMER VALUES (50020, 'Ben', 0, 20016);
INSERT INTO CUSTOMER VALUES (50021, 'Luca', 0, 20017);
INSERT INTO CUSTOMER VALUES (50022, 'Emma', 0, 20014);
INSERT INTO CUSTOMER VALUES (50023, 'Luca', 0, 20016);
INSERT INTO CUSTOMER VALUES (50024, 'Tim', 0, 20017);
INSERT INTO CUSTOMER VALUES (50025, 'Noah', 0, 20018);
INSERT INTO CUSTOMER VALUES (50026, 'Emma', 0, 20019);
INSERT INTO CUSTOMER VALUES (50027, 'Luca', 0, 20020);
INSERT INTO CUSTOMER VALUES (50028, 'Mia', 0, 20021);
INSERT INTO CUSTOMER VALUES (50029, 'Emma', 0, 20022);
INSERT INTO CUSTOMER VALUES (50030, 'Tim', 0, 20023);
INSERT INTO CUSTOMER VALUES (50031, 'Paul', 0, 20021);
INSERT INTO CUSTOMER VALUES (50032, 'Paul', 0, 20024);
INSERT INTO CUSTOMER VALUES (50033, 'Luca', 0, 20025);
INSERT INTO CUSTOMER VALUES (50034, 'Lena', 0, 20026);
INSERT INTO CUSTOMER VALUES (50035, 'Ben', 0, 20025);
INSERT INTO CUSTOMER VALUES (50036, 'Nina', 0, 20027);
INSERT INTO CUSTOMER VALUES (50037, 'Emma', 0, 20028);
INSERT INTO CUSTOMER VALUES (50038, 'Tom', 0, 20029);
INSERT INTO CUSTOMER VALUES (50039, 'Lea', 0, 20030);
INSERT INTO CUSTOMER VALUES (50040, 'Laura', 0, 20031);
INSERT INTO CUSTOMER VALUES (50041, 'Paul', 0, 20032);
INSERT INTO CUSTOMER VALUES (50042, 'Jeanne', 0, 20033);
INSERT INTO CUSTOMER VALUES (50043, 'Marc', 0, 20034);
INSERT INTO CUSTOMER VALUES (50044, 'Chloe', 0, 20035);
INSERT INTO CUSTOMER VALUES (50045, 'Antoine', 0, 20033);
INSERT INTO CUSTOMER VALUES (50046, 'Lucas', 1, 20036);
INSERT INTO CUSTOMER VALUES (50047, 'Sophie', 0, 20037);
INSERT INTO CUSTOMER VALUES (50048, 'Louis', 0, 20038);
INSERT INTO CUSTOMER VALUES (50049, 'Theo', 0, 20039);
INSERT INTO CUSTOMER VALUES (50050, 'Luca', 0, 20040);
INSERT INTO CUSTOMER VALUES (50051, 'Laura', 0, 20041);
INSERT INTO CUSTOMER VALUES (50052, 'Tom', 0, 20042);
INSERT INTO CUSTOMER VALUES (50053, 'Marie', 0, 20043);
INSERT INTO CUSTOMER VALUES (50054, 'Lea', 0, 20044);
INSERT INTO CUSTOMER VALUES (50055, 'Luca', 0, 20045);
INSERT INTO CUSTOMER VALUES (50056, 'Luca', 0, 20046);
INSERT INTO CUSTOMER VALUES (50057, 'Max', 0, 20047);
INSERT INTO CUSTOMER VALUES (50058, 'Laura', 0, 20048);
INSERT INTO CUSTOMER VALUES (50059, 'Nina', 0, 20049);
INSERT INTO CUSTOMER VALUES (50060, 'Tim', 0, 20050);
INSERT INTO CUSTOMER VALUES (50061, 'Mia', 0, 20051);
INSERT INTO CUSTOMER VALUES (50062, 'Nina', 0, 20052);
INSERT INTO CUSTOMER VALUES (50063, 'Ben', 0, 20053);
INSERT INTO CUSTOMER VALUES (50064, 'Mathilde', 0, 20054);
INSERT INTO CUSTOMER VALUES (50065, 'Manon', 0, 20055);
INSERT INTO CUSTOMER VALUES (50066, 'Claire', 0, 20056);
INSERT INTO CUSTOMER VALUES (50067, 'Lucas', 0, 20057);
INSERT INTO CUSTOMER VALUES (50068, 'Emma', 0, 20058);
INSERT INTO CUSTOMER VALUES (50069, 'Noah', 0, 20059);
INSERT INTO CUSTOMER VALUES (50070, 'Nina', 0, 20060);
INSERT INTO CUSTOMER VALUES (50071, 'Max', 0, 20059);
INSERT INTO CUSTOMER VALUES (50072, 'Paul', 0, 20061);
INSERT INTO CUSTOMER VALUES (50073, 'Luca', 0, 20061);
INSERT INTO CUSTOMER VALUES (50074, 'Lea', 0, 20062);
INSERT INTO CUSTOMER VALUES (50075, 'Emma', 0, 20061);
INSERT INTO CUSTOMER VALUES (50076, 'Lena', 0, 20063);
INSERT INTO CUSTOMER VALUES (50077, 'Lena', 0, 20064);
INSERT INTO CUSTOMER VALUES (50078, 'Julien', 0, 20065);
INSERT INTO CUSTOMER VALUES (50079, 'Camille', 0, 20066);
INSERT INTO CUSTOMER VALUES (50080, 'Sophie', 0, 20067);
INSERT INTO CUSTOMER VALUES (50081, 'Lea', 0, 20068);
INSERT INTO CUSTOMER VALUES (50082, 'Emma', 0, 20069);
INSERT INTO CUSTOMER VALUES (50083, 'Tom', 0, 20070);
INSERT INTO CUSTOMER VALUES (50084, 'Lena', 0, 20070);
INSERT INTO CUSTOMER VALUES (50085, 'Laura', 0, 20070);
INSERT INTO CUSTOMER VALUES (50086, 'Tom', 0, 20071);
INSERT INTO CUSTOMER VALUES (50087, 'Mia', 0, 20072);
INSERT INTO CUSTOMER VALUES (50088, 'Nina', 0, 20073);
INSERT INTO CUSTOMER VALUES (50089, 'Marie', 0, 20071);
INSERT INTO CUSTOMER VALUES (50090, 'Emma', 0, 20074);
INSERT INTO CUSTOMER VALUES (50091, 'Noah', 0, 20075);
INSERT INTO CUSTOMER VALUES (50092, 'Anna', 0, 20076);
INSERT INTO CUSTOMER VALUES (50093, 'Tim', 0, 20077);
INSERT INTO CUSTOMER VALUES (50094, 'Luca', 0, 20078);
INSERT INTO CUSTOMER VALUES (50095, 'Emma', 0, 20079);
INSERT INTO CUSTOMER VALUES (50096, 'Nina', 0, 20080);
INSERT INTO CUSTOMER VALUES (50097, 'Lea', 0, 20081);
INSERT INTO CUSTOMER VALUES (50098, 'Lena', 0, 20082);
INSERT INTO CUSTOMER VALUES (50099, 'Luca', 0, 20083);
INSERT INTO CUSTOMER VALUES (50100, 'Anna', 0, 20084);
INSERT INTO CUSTOMER VALUES (50101, 'Max', 0, 20085);
INSERT INTO CUSTOMER VALUES (50102, 'Tim', 0, 20086);
INSERT INTO CUSTOMER VALUES (50103, 'Marie', 0, 20087);
INSERT INTO CUSTOMER VALUES (50104, 'Luca', 0, 20088);
INSERT INTO CUSTOMER VALUES (50105, 'Emma', 0, 20089);
INSERT INTO CUSTOMER VALUES (50106, 'Paul', 0, 20090);
INSERT INTO CUSTOMER VALUES (50107, 'Luca', 0, 20091);
INSERT INTO CUSTOMER VALUES (50108, 'Noah', 0, 20092);
INSERT INTO CUSTOMER VALUES (50109, 'Nina', 0, 20093);
INSERT INTO CUSTOMER VALUES (50110, 'Matteo', 0, 20094);
INSERT INTO CUSTOMER VALUES (50111, 'Giulia', 0, 20095);
INSERT INTO CUSTOMER VALUES (50112, 'Martina', 1, 20096);
INSERT INTO CUSTOMER VALUES (50113, 'Elena', 0, 20096);
INSERT INTO CUSTOMER VALUES (50114, 'Paolo', 1, 20097);
INSERT INTO CUSTOMER VALUES (50115, 'Enrico', 0, 20098);
INSERT INTO CUSTOMER VALUES (50116, 'Sara', 0, 20099);
INSERT INTO CUSTOMER VALUES (50117, 'Francesco', 0, 20100);
INSERT INTO CUSTOMER VALUES (50118, 'Luca', 0, 20101);
INSERT INTO CUSTOMER VALUES (50119, 'Fabio', 0, 20102);
INSERT INTO CUSTOMER VALUES (50120, 'Lea', 0, 20103);
INSERT INTO CUSTOMER VALUES (50121, 'Emma', 0, 20104);
INSERT INTO CUSTOMER VALUES (50122, 'Marie', 0, 20105);
INSERT INTO CUSTOMER VALUES (50123, 'Paul', 0, 20106);
INSERT INTO CUSTOMER VALUES (50124, 'Julien', 0, 20107);
INSERT INTO CUSTOMER VALUES (50125, 'Lucas', 0, 20108);
INSERT INTO CUSTOMER VALUES (50126, 'Emma', 0, 20109);
INSERT INTO CUSTOMER VALUES (50127, 'Sophie', 0, 20110);
INSERT INTO CUSTOMER VALUES (50128, 'Laura', 0, 20111);
INSERT INTO CUSTOMER VALUES (50129, 'Tom', 0, 20112);
INSERT INTO CUSTOMER VALUES (50130, 'Nina', 0, 20113);
INSERT INTO CUSTOMER VALUES (50131, 'Nina', 0, 20114);
INSERT INTO CUSTOMER VALUES (50132, 'Lea', 0, 20115);
INSERT INTO CUSTOMER VALUES (50133, 'Nina', 0, 20116);
INSERT INTO CUSTOMER VALUES (50134, 'Laura', 0, 20117);
INSERT INTO CUSTOMER VALUES (50135, 'Lena', 0, 20118);
INSERT INTO CUSTOMER VALUES (50136, 'Emma', 0, 20119);
INSERT INTO CUSTOMER VALUES (50137, 'Lena', 0, 20120);
INSERT INTO CUSTOMER VALUES (50138, 'Mia', 0, 20121);
INSERT INTO CUSTOMER VALUES (50139, 'Ben', 0, 20122);
INSERT INTO CUSTOMER VALUES (50140, 'Luca', 0, 20123);
INSERT INTO CUSTOMER VALUES (50141, 'Tom', 0, 20124);
INSERT INTO CUSTOMER VALUES (50142, 'Laura', 0, 20125);
INSERT INTO CUSTOMER VALUES (50143, 'Noah', 0, 20126);
INSERT INTO CUSTOMER VALUES (50144, 'Laura', 0, 20127);
INSERT INTO CUSTOMER VALUES (50145, 'Laura', 0, 20126);
INSERT INTO CUSTOMER VALUES (50146, 'Marie', 0, 20128);
INSERT INTO CUSTOMER VALUES (50147, 'Paul', 0, 20129);
INSERT INTO CUSTOMER VALUES (50148, 'Noah', 0, 20130);
INSERT INTO CUSTOMER VALUES (50149, 'Luca', 0, 20131);
INSERT INTO CUSTOMER VALUES (50150, 'Marie', 0, 20129);
INSERT INTO CUSTOMER VALUES (50151, 'Tom', 0, 20125);
INSERT INTO CUSTOMER VALUES (50152, 'Mia', 0, 20132);
INSERT INTO CUSTOMER VALUES (50153, 'Tim', 0, 20132);
INSERT INTO CUSTOMER VALUES (50154, 'Max', 0, 20133);
INSERT INTO CUSTOMER VALUES (50155, 'Mia', 0, 20133);
INSERT INTO CUSTOMER VALUES (50156, 'Antoine', 0, 20134);
INSERT INTO CUSTOMER VALUES (50157, 'Claire', 0, 20134);
INSERT INTO CUSTOMER VALUES (50158, 'Tim', 0, 20135);
INSERT INTO CUSTOMER VALUES (50159, 'Mia', 0, 20135);
INSERT INTO CUSTOMER VALUES (50160, 'Anna', 0, 20136);
INSERT INTO CUSTOMER VALUES (50161, 'Mia', 0, 20136);
INSERT INTO CUSTOMER VALUES (50162, 'Jeanne', 0, 20137);
INSERT INTO CUSTOMER VALUES (50163, 'Mathilde', 0, 20137);
INSERT INTO CUSTOMER VALUES (50164, 'Ben', 0, 20138);
INSERT INTO CUSTOMER VALUES (50165, 'Marie', 0, 20139);
INSERT INTO CUSTOMER VALUES (50166, 'Paul', 0, 20140);

--INSERT INTO RENTAL VALUES(60126,50003,30026,DATE '2025-01-05', DATE '2025-01-05',16017);
INSERT INTO RENTAL VALUES(60149,50001,30026,DATE '2025-01-19', DATE '2025-01-26',16021);
--INSERT INTO RENTAL VALUES(60160,50002,30026,DATE '2025-02-01', DATE '2025-02-15',16017);
INSERT INTO RENTAL VALUES(60188,50000,30026,DATE '2025-02-19', DATE '2025-02-21',16021);
--INSERT INTO RENTAL VALUES(60322,50002,30026,DATE '2025-03-02', DATE '2025-03-13',16019);
--INSERT INTO RENTAL VALUES(60326,50005,30026,DATE '2025-03-19', DATE '2025-03-24',16007);
INSERT INTO RENTAL VALUES(60015,50002,30027,DATE '2025-01-04', DATE '2025-01-13',16022);
--INSERT INTO RENTAL VALUES(60020,50005,30027,DATE '2025-01-17', DATE '2025-01-27',16017);
--INSERT INTO RENTAL VALUES(60072,50000,30027,DATE '2025-02-03', DATE '2025-02-14',16017);
--INSERT INTO RENTAL VALUES(60128,50003,30027,DATE '2025-02-16', DATE '2025-02-27',16017);
--INSERT INTO RENTAL VALUES(60333,50004,30027,DATE '2025-03-03', DATE '2025-03-13',16007);
--INSERT INTO RENTAL VALUES(60366,50008,30027,DATE '2025-03-19', DATE '2025-03-26',16019);
--INSERT INTO RENTAL VALUES(60036,50000,30028,DATE '2025-01-02', DATE '2025-01-13',16007);
INSERT INTO RENTAL VALUES(60079,50000,30028,DATE '2025-01-16', DATE '2025-01-28',16001);
INSERT INTO RENTAL VALUES(60215,50009,30028,DATE '2025-02-01', DATE '2025-02-14',16020);
INSERT INTO RENTAL VALUES(60242,50005,30028,DATE '2025-02-18', DATE '2025-03-03',16020);
--INSERT INTO RENTAL VALUES(60276,50004,30028,DATE '2025-03-04', DATE '2025-03-14',16007);
INSERT INTO RENTAL VALUES(60323,50006,30028,DATE '2025-03-18', DATE '2025-03-30',16020);
--INSERT INTO RENTAL VALUES(60431,50002,30028,DATE '2025-04-02', DATE '2025-04-07',16007);
--INSERT INTO RENTAL VALUES(60066,50000,30029,DATE '2025-01-02', DATE '2025-01-11',16017);
INSERT INTO RENTAL VALUES(60150,50007,30029,DATE '2025-01-17', DATE '2025-01-31',16020);
INSERT INTO RENTAL VALUES(60211,50009,30029,DATE '2025-02-01', DATE '2025-02-11',16018);
INSERT INTO RENTAL VALUES(60213,50004,30029,DATE '2025-02-17', DATE '2025-02-24',16020);
INSERT INTO RENTAL VALUES(60311,50004,30029,DATE '2025-03-02', DATE '2025-03-16',16018);
INSERT INTO RENTAL VALUES(60343,50007,30029,DATE '2025-03-21', DATE '2025-03-27',16022);
INSERT INTO RENTAL VALUES(60012,50008,30030,DATE '2025-01-05', DATE '2025-01-13',16018);
INSERT INTO RENTAL VALUES(60247,50000,30030,DATE '2025-01-18', DATE '2025-01-30',16021);
INSERT INTO RENTAL VALUES(60255,50009,30030,DATE '2025-02-02', DATE '2025-02-16',16022);
--INSERT INTO RENTAL VALUES(60257,50006,30030,DATE '2025-02-19', DATE '2025-02-27',16017);
--INSERT INTO RENTAL VALUES(60275,50008,30030,DATE '2025-03-03', DATE '2025-03-13',16007);
INSERT INTO RENTAL VALUES(60379,50129,30041,DATE '2025-03-06', DATE '2025-03-13',16030);
INSERT INTO RENTAL VALUES(60054,50133,30042,DATE '2025-01-05', DATE '2025-01-13',16029);
INSERT INTO RENTAL VALUES(60092,50135,30042,DATE '2025-01-17', DATE '2025-01-28',16030);
--INSERT INTO RENTAL VALUES(60105,50136,30042,DATE '2025-02-01', DATE '2025-02-11',16040);
--INSERT INTO RENTAL VALUES(60205,50137,30042,DATE '2025-02-16', DATE '2025-02-25',16040);
--INSERT INTO RENTAL VALUES(60349,50135,30042,DATE '2025-03-03', DATE '2025-03-14',16028);
INSERT INTO RENTAL VALUES(60350,50136,30042,DATE '2025-03-18', DATE '2025-03-24',16030);
INSERT INTO RENTAL VALUES(60025,50129,30043,DATE '2025-01-03', DATE '2025-01-14',16030);
INSERT INTO RENTAL VALUES(60086,50128,30043,DATE '2025-01-17', DATE '2025-02-02',16031);
INSERT INTO RENTAL VALUES(60111,50136,30043,DATE '2025-02-03', DATE '2025-02-13',16031);
--INSERT INTO RENTAL VALUES(60127,50129,30043,DATE '2025-02-19', DATE '2025-03-05',16047);
INSERT INTO RENTAL VALUES(60360,50136,30043,DATE '2025-03-06', DATE '2025-03-16',16029);
INSERT INTO RENTAL VALUES(60371,50128,30043,DATE '2025-03-19', DATE '2025-03-27',16029);
--INSERT INTO RENTAL VALUES(60256,50128,30044,DATE '2025-01-05', DATE '2025-01-11',16028);
--INSERT INTO RENTAL VALUES(60260,50134,30044,DATE '2025-01-16', DATE '2025-01-29',16040);
INSERT INTO RENTAL VALUES(60271,50136,30044,DATE '2025-02-02', DATE '2025-02-09',16031);
INSERT INTO RENTAL VALUES(60272,50130,30044,DATE '2025-02-16', DATE '2025-02-27',16029);
INSERT INTO RENTAL VALUES(60289,50137,30044,DATE '2025-03-04', DATE '2025-03-16',16031);
INSERT INTO RENTAL VALUES(60315,50128,30044,DATE '2025-03-21', DATE '2025-03-29',16030);
--INSERT INTO RENTAL VALUES(60042,50131,30045,DATE '2025-01-03', DATE '2025-01-15',16028);
--INSERT INTO RENTAL VALUES(60083,50128,30045,DATE '2025-01-19', DATE '2025-01-27',16028);
--INSERT INTO RENTAL VALUES(60144,50133,30045,DATE '2025-01-31', DATE '2025-02-10',16028);
INSERT INTO RENTAL VALUES(60159,50129,30045,DATE '2025-02-15', DATE '2025-02-27',16031);
INSERT INTO RENTAL VALUES(60382,50131,30045,DATE '2025-03-04', DATE '2025-03-16',16031);
INSERT INTO RENTAL VALUES(60395,50132,30045,DATE '2025-03-19', DATE '2025-03-26',16031);
INSERT INTO RENTAL VALUES(60046,50137,30046,DATE '2025-01-02', DATE '2025-01-11',16029);
INSERT INTO RENTAL VALUES(60053,50134,30046,DATE '2025-01-18', DATE '2025-01-28',16031);
--INSERT INTO RENTAL VALUES(60081,50129,30046,DATE '2025-02-03', DATE '2025-02-11',16028);
--INSERT INTO RENTAL VALUES(60147,50131,30046,DATE '2025-02-16', DATE '2025-02-27',16028);
--INSERT INTO RENTAL VALUES(60363,50133,30046,DATE '2025-03-03', DATE '2025-03-18',16047);
--INSERT INTO RENTAL VALUES(60374,50129,30046,DATE '2025-03-20', DATE '2025-03-30',16047);
--INSERT INTO RENTAL VALUES(60017,50135,30047,DATE '2025-01-03', DATE '2025-01-14',16028);
INSERT INTO RENTAL VALUES(60031,50132,30047,DATE '2025-01-17', DATE '2025-01-26',16030);
INSERT INTO RENTAL VALUES(60227,50130,30047,DATE '2025-01-31', DATE '2025-02-16',16030);
--INSERT INTO RENTAL VALUES(60238,50133,30047,DATE '2025-02-19', DATE '2025-02-28',16047);
--INSERT INTO RENTAL VALUES(60393,50131,30047,DATE '2025-03-05', DATE '2025-03-20',16040);
--INSERT INTO RENTAL VALUES(60404,50133,30047,DATE '2025-03-21', DATE '2025-03-29',16047);
INSERT INTO RENTAL VALUES(60098,50133,30048,DATE '2025-01-03', DATE '2025-01-13',16030);
--INSERT INTO RENTAL VALUES(60132,50135,30048,DATE '2025-01-16', DATE '2025-02-03',16028);
--INSERT INTO RENTAL VALUES(60191,50136,30048,DATE '2025-02-04', DATE '2025-02-15',16047);
--INSERT INTO RENTAL VALUES(60202,50129,30048,DATE '2025-02-17', DATE '2025-03-02',16040);
--INSERT INTO RENTAL VALUES(60312,50134,30048,DATE '2025-03-05', DATE '2025-03-19',16028);
--INSERT INTO RENTAL VALUES(60338,50134,30048,DATE '2025-03-20', DATE '2025-03-30',16040);
INSERT INTO RENTAL VALUES(60433,50135,30048,DATE '2025-04-02', DATE '2025-04-09',16030);
--INSERT INTO RENTAL VALUES(60029,50069,30049,DATE '2025-01-03', DATE '2025-01-12',16034);
--INSERT INTO RENTAL VALUES(60157,50070,30049,DATE '2025-01-16', DATE '2025-01-29',16032);
--INSERT INTO RENTAL VALUES(60158,50070,30049,DATE '2025-02-01', DATE '2025-02-11',16034);
--INSERT INTO RENTAL VALUES(60187,50074,30049,DATE '2025-02-18', DATE '2025-02-26',16033);
--INSERT INTO RENTAL VALUES(60331,50073,30049,DATE '2025-03-03', DATE '2025-03-12',16033);
--INSERT INTO RENTAL VALUES(60367,50077,30049,DATE '2025-03-17', DATE '2025-03-28',16035);
INSERT INTO RENTAL VALUES(60109,50115,30056,DATE '2025-01-17', DATE '2025-01-27',16036);
INSERT INTO RENTAL VALUES(60135,50119,30056,DATE '2025-02-02', DATE '2025-02-15',16038);
--INSERT INTO RENTAL VALUES(60204,50114,30056,DATE '2025-02-18', DATE '2025-03-01',16047);
INSERT INTO RENTAL VALUES(60282,50116,30056,DATE '2025-03-05', DATE '2025-03-17',16036);
--INSERT INTO RENTAL VALUES(60344,50113,30056,DATE '2025-03-18', DATE '2025-03-26',16040);
--INSERT INTO RENTAL VALUES(60048,50119,30057,DATE '2025-01-04', DATE '2025-01-13',16039);
INSERT INTO RENTAL VALUES(60129,50117,30057,DATE '2025-01-20', DATE '2025-01-29',16038);
--INSERT INTO RENTAL VALUES(60225,50117,30057,DATE '2025-02-02', DATE '2025-02-18',16015);
INSERT INTO RENTAL VALUES(60230,50112,30057,DATE '2025-02-19', DATE '2025-03-02',16036);
INSERT INTO RENTAL VALUES(60318,50118,30057,DATE '2025-03-06', DATE '2025-03-14',16038);
--INSERT INTO RENTAL VALUES(60342,50113,30057,DATE '2025-03-18', DATE '2025-04-01',16015);
--INSERT INTO RENTAL VALUES(60061,50118,30058,DATE '2025-01-04', DATE '2025-01-12',16047);
--INSERT INTO RENTAL VALUES(60112,50111,30058,DATE '2025-01-18', DATE '2025-01-27',16047);
INSERT INTO RENTAL VALUES(60244,50118,30058,DATE '2025-02-02', DATE '2025-02-10',16038);
--INSERT INTO RENTAL VALUES(60264,50112,30058,DATE '2025-02-15', DATE '2025-03-02',16047);
INSERT INTO RENTAL VALUES(60328,50114,30058,DATE '2025-03-04', DATE '2025-03-17',16038);
--INSERT INTO RENTAL VALUES(60355,50119,30058,DATE '2025-03-20', DATE '2025-03-26',16040);
--INSERT INTO RENTAL VALUES(60067,50055,30059,DATE '2025-01-02', DATE '2025-01-15',16042);
--INSERT INTO RENTAL VALUES(60151,50062,30059,DATE '2025-01-18', DATE '2025-01-27',16045);
--INSERT INTO RENTAL VALUES(60197,50056,30059,DATE '2025-02-02', DATE '2025-02-11',16001);
--INSERT INTO RENTAL VALUES(60233,50057,30059,DATE '2025-02-16', DATE '2025-03-02',16044);
--INSERT INTO RENTAL VALUES(60372,50059,30059,DATE '2025-03-06', DATE '2025-03-17',16042);
--INSERT INTO RENTAL VALUES(60390,50062,30059,DATE '2025-03-21', DATE '2025-04-02',16043);
--INSERT INTO RENTAL VALUES(60424,50059,30059,DATE '2025-04-04', DATE '2025-04-12',16044);
--INSERT INTO RENTAL VALUES(60026,50061,30060,DATE '2025-01-01', DATE '2025-01-11',16043);
--INSERT INTO RENTAL VALUES(60120,50062,30060,DATE '2025-01-16', DATE '2025-01-27',16042);
--INSERT INTO RENTAL VALUES(60184,50060,30060,DATE '2025-02-01', DATE '2025-02-10',16041);
--INSERT INTO RENTAL VALUES(60210,50061,30060,DATE '2025-02-16', DATE '2025-03-05',16042);
--INSERT INTO RENTAL VALUES(60288,50059,30060,DATE '2025-03-06', DATE '2025-03-19',16001);
--INSERT INTO RENTAL VALUES(60324,50062,30060,DATE '2025-03-20', DATE '2025-03-31',16001);
--INSERT INTO RENTAL VALUES(60418,50063,30060,DATE '2025-04-01', DATE '2025-04-06',16042);
--INSERT INTO RENTAL VALUES(60108,50057,30061,DATE '2025-01-04', DATE '2025-01-17',16041);
--INSERT INTO RENTAL VALUES(60115,50059,30061,DATE '2025-01-20', DATE '2025-02-01',16001);
--INSERT INTO RENTAL VALUES(60180,50057,30061,DATE '2025-02-04', DATE '2025-02-12',16045);
--INSERT INTO RENTAL VALUES(60185,50058,30061,DATE '2025-02-18', DATE '2025-03-03',16045);
--INSERT INTO RENTAL VALUES(60313,50063,30061,DATE '2025-03-06', DATE '2025-03-15',16001);
--INSERT INTO RENTAL VALUES(60075,50058,30062,DATE '2025-01-02', DATE '2025-01-15',16001);
--INSERT INTO RENTAL VALUES(60110,50057,30062,DATE '2025-01-18', DATE '2025-01-30',16043);
--INSERT INTO RENTAL VALUES(60196,50056,30062,DATE '2025-02-03', DATE '2025-02-11',16045);
--INSERT INTO RENTAL VALUES(60220,50062,30062,DATE '2025-02-18', DATE '2025-02-27',16044);
--INSERT INTO RENTAL VALUES(60362,50063,30062,DATE '2025-03-04', DATE '2025-03-12',16044);
--INSERT INTO RENTAL VALUES(60365,50060,30062,DATE '2025-03-18', DATE '2025-03-24',16042);
--INSERT INTO RENTAL VALUES(60039,50056,30063,DATE '2025-01-04', DATE '2025-01-18',16041);
--INSERT INTO RENTAL VALUES(60139,50062,30063,DATE '2025-01-19', DATE '2025-02-02',16044);
--INSERT INTO RENTAL VALUES(60142,50055,30063,DATE '2025-02-04', DATE '2025-02-11',16045);
--INSERT INTO RENTAL VALUES(60155,50057,30063,DATE '2025-02-17', DATE '2025-03-01',16042);
--INSERT INTO RENTAL VALUES(60352,50059,30063,DATE '2025-03-06', DATE '2025-03-16',16045);
--INSERT INTO RENTAL VALUES(60375,50059,30063,DATE '2025-03-18', DATE '2025-03-25',16042);
--INSERT INTO RENTAL VALUES(60005,50058,30064,DATE '2025-01-03', DATE '2025-01-11',16043);
--INSERT INTO RENTAL VALUES(60069,50057,30064,DATE '2025-01-17', DATE '2025-01-31',16043);
--INSERT INTO RENTAL VALUES(60117,50060,30064,DATE '2025-02-03', DATE '2025-02-14',16001);
--INSERT INTO RENTAL VALUES(60186,50056,30064,DATE '2025-02-18', DATE '2025-02-24',16042);
--INSERT INTO RENTAL VALUES(60301,50060,30064,DATE '2025-03-02', DATE '2025-03-14',16043);
--INSERT INTO RENTAL VALUES(60216,50074,30070,DATE '2025-01-04', DATE '2025-01-16',16033);
--INSERT INTO RENTAL VALUES(60251,50068,30070,DATE '2025-01-19', DATE '2025-01-28',16032);
--INSERT INTO RENTAL VALUES(60258,50068,30070,DATE '2025-02-03', DATE '2025-02-12',16033);
--INSERT INTO RENTAL VALUES(60270,50073,30070,DATE '2025-02-17', DATE '2025-03-03',16035);
--INSERT INTO RENTAL VALUES(60389,50072,30070,DATE '2025-03-05', DATE '2025-03-14',16034);
--INSERT INTO RENTAL VALUES(60016,50033,30071,DATE '2025-01-03', DATE '2025-01-12',16004);
--INSERT INTO RENTAL VALUES(60118,50032,30071,DATE '2025-01-18', DATE '2025-01-29',16007);
--INSERT INTO RENTAL VALUES(60245,50039,30071,DATE '2025-02-02', DATE '2025-02-12',16007);
INSERT INTO RENTAL VALUES(60259,50034,30071,DATE '2025-02-17', DATE '2025-02-28',16003);
INSERT INTO RENTAL VALUES(60274,50040,30071,DATE '2025-03-03', DATE '2025-03-15',16000);
INSERT INTO RENTAL VALUES(60296,50032,30071,DATE '2025-03-19', DATE '2025-03-26',16000);
--INSERT INTO RENTAL VALUES(60009,50136,30072,DATE '2025-01-03', DATE '2025-01-11',16026);
--INSERT INTO RENTAL VALUES(60093,50131,30072,DATE '2025-01-16', DATE '2025-02-02',16026);
--INSERT INTO RENTAL VALUES(60114,50133,30072,DATE '2025-02-04', DATE '2025-02-11',16024);
--INSERT INTO RENTAL VALUES(60195,50131,30072,DATE '2025-02-16', DATE '2025-03-04',16024);
--INSERT INTO RENTAL VALUES(60284,50131,30072,DATE '2025-03-06', DATE '2025-03-14',16008);
--INSERT INTO RENTAL VALUES(60034,50039,30000,DATE '2025-01-02', DATE '2025-01-13',16007);
--INSERT INTO RENTAL VALUES(60124,50041,30000,DATE '2025-01-17', DATE '2025-01-30',16040);
--INSERT INTO RENTAL VALUES(60141,50040,30000,DATE '2025-02-03', DATE '2025-02-13',16006);
--INSERT INTO RENTAL VALUES(60163,50038,30000,DATE '2025-02-19', DATE '2025-03-03',16004);
INSERT INTO RENTAL VALUES(60310,50041,30000,DATE '2025-03-04', DATE '2025-03-20',16002);
INSERT INTO RENTAL VALUES(60347,50040,30000,DATE '2025-03-21', DATE '2025-04-01',16000);
--INSERT INTO RENTAL VALUES(60022,50039,30001,DATE '2025-01-04', DATE '2025-01-14',16007);
INSERT INTO RENTAL VALUES(60134,50038,30001,DATE '2025-01-19', DATE '2025-02-01',16002);
--INSERT INTO RENTAL VALUES(60136,50034,30001,DATE '2025-02-03', DATE '2025-02-12',16004);
--INSERT INTO RENTAL VALUES(60228,50040,30001,DATE '2025-02-17', DATE '2025-02-28',16007);
--INSERT INTO RENTAL VALUES(60283,50037,30001,DATE '2025-03-04', DATE '2025-03-17',16006);
INSERT INTO RENTAL VALUES(60306,50039,30001,DATE '2025-03-18', DATE '2025-03-28',16001);
INSERT INTO RENTAL VALUES(60411,50040,30001,DATE '2025-04-02', DATE '2025-04-15',16002);
--INSERT INTO RENTAL VALUES(60420,50042,30001,DATE '2025-04-19', DATE '2025-04-24',16007);
--INSERT INTO RENTAL VALUES(60038,50035,30002,DATE '2025-01-04', DATE '2025-01-16',16007);
--INSERT INTO RENTAL VALUES(60043,50041,30002,DATE '2025-01-19', DATE '2025-01-29',16006);
--INSERT INTO RENTAL VALUES(60090,50038,30002,DATE '2025-02-02', DATE '2025-02-10',16040);
--INSERT INTO RENTAL VALUES(60091,50033,30002,DATE '2025-02-15', DATE '2025-02-23',16007);
--INSERT INTO RENTAL VALUES(60359,50032,30002,DATE '2025-03-02', DATE '2025-03-14',16007);
INSERT INTO RENTAL VALUES(60376,50037,30002,DATE '2025-03-20', DATE '2025-03-26',16001);
INSERT INTO RENTAL VALUES(60003,50038,30003,DATE '2025-01-04', DATE '2025-01-14',16003);
--INSERT INTO RENTAL VALUES(60138,50035,30003,DATE '2025-01-17', DATE '2025-01-27',16006);
INSERT INTO RENTAL VALUES(60169,50039,30003,DATE '2025-02-01', DATE '2025-02-14',16003);
--INSERT INTO RENTAL VALUES(60201,50039,30003,DATE '2025-02-16', DATE '2025-03-01',16007);
--INSERT INTO RENTAL VALUES(60302,50040,30003,DATE '2025-03-04', DATE '2025-03-17',16007);
--INSERT INTO RENTAL VALUES(60019,50034,30004,DATE '2025-01-05', DATE '2025-01-17',16040);
--INSERT INTO RENTAL VALUES(60047,50041,30004,DATE '2025-01-19', DATE '2025-01-28',16001);
--INSERT INTO RENTAL VALUES(60063,50037,30004,DATE '2025-02-02', DATE '2025-02-13',16008);
--INSERT INTO RENTAL VALUES(60137,50038,30004,DATE '2025-02-16', DATE '2025-03-02',16007);
--INSERT INTO RENTAL VALUES(60300,50034,30004,DATE '2025-03-04', DATE '2025-03-14',16001);
--INSERT INTO RENTAL VALUES(60368,50035,30004,DATE '2025-03-18', DATE '2025-03-25',16001);
--INSERT INTO RENTAL VALUES(60055,50037,30005,DATE '2025-01-04', DATE '2025-01-13',16009);
--INSERT INTO RENTAL VALUES(60178,50033,30005,DATE '2025-01-17', DATE '2025-01-26',16001);
--INSERT INTO RENTAL VALUES(60223,50036,30005,DATE '2025-02-01', DATE '2025-02-11',16008);
--INSERT INTO RENTAL VALUES(60232,50039,30005,DATE '2025-02-18', DATE '2025-03-03',16040);
--INSERT INTO RENTAL VALUES(60329,50038,30005,DATE '2025-03-05', DATE '2025-03-15',16001);
--INSERT INTO RENTAL VALUES(60378,50040,30005,DATE '2025-03-18', DATE '2025-03-28',16006);
--INSERT INTO RENTAL VALUES(60434,50042,30005,DATE '2025-04-02', DATE '2025-04-09',16006);
--INSERT INTO RENTAL VALUES(60071,50034,30006,DATE '2025-01-03', DATE '2025-01-14',16040);
--INSERT INTO RENTAL VALUES(60113,50036,30006,DATE '2025-01-19', DATE '2025-01-30',16007);
--INSERT INTO RENTAL VALUES(60131,50039,30006,DATE '2025-02-02', DATE '2025-02-15',16008);
--INSERT INTO RENTAL VALUES(60190,50037,30006,DATE '2025-02-17', DATE '2025-03-02',16008);
--INSERT INTO RENTAL VALUES(60303,50032,30006,DATE '2025-03-05', DATE '2025-03-19',16005);
--INSERT INTO RENTAL VALUES(60369,50034,30006,DATE '2025-03-21', DATE '2025-03-30',16040);
--INSERT INTO RENTAL VALUES(60432,50042,30006,DATE '2025-04-03', DATE '2025-04-09',16008);
--INSERT INTO RENTAL VALUES(60050,50036,30007,DATE '2025-01-04', DATE '2025-01-16',16006);
--INSERT INTO RENTAL VALUES(60057,50040,30007,DATE '2025-01-17', DATE '2025-01-27',16005);
--INSERT INTO RENTAL VALUES(60094,50034,30007,DATE '2025-01-31', DATE '2025-02-12',16001);
--INSERT INTO RENTAL VALUES(60097,50038,30007,DATE '2025-02-17', DATE '2025-02-26',16006);
--INSERT INTO RENTAL VALUES(60309,50033,30007,DATE '2025-03-03', DATE '2025-03-18',16005);
--INSERT INTO RENTAL VALUES(60336,50032,30007,DATE '2025-03-21', DATE '2025-03-27',16040);
--INSERT INTO RENTAL VALUES(60062,50150,30008,DATE '2025-01-05', DATE '2025-01-16',16034);
--INSERT INTO RENTAL VALUES(60073,50143,30008,DATE '2025-01-17', DATE '2025-01-25',16007);
--INSERT INTO RENTAL VALUES(60077,50145,30008,DATE '2025-01-31', DATE '2025-02-14',16034);
INSERT INTO RENTAL VALUES(60212,50146,30008,DATE '2025-02-17', DATE '2025-02-27',16011);
--INSERT INTO RENTAL VALUES(60337,50145,30008,DATE '2025-03-04', DATE '2025-03-16',16034);
INSERT INTO RENTAL VALUES(60387,50143,30008,DATE '2025-03-18', DATE '2025-03-24',16011);
--INSERT INTO RENTAL VALUES(60145,50142,30009,DATE '2025-01-04', DATE '2025-01-14',16034);
INSERT INTO RENTAL VALUES(60254,50147,30009,DATE '2025-01-18', DATE '2025-01-26',16010);
INSERT INTO RENTAL VALUES(60263,50144,30009,DATE '2025-02-02', DATE '2025-02-11',16012);
--INSERT INTO RENTAL VALUES(60267,50142,30009,DATE '2025-02-17', DATE '2025-02-28',16007);
INSERT INTO RENTAL VALUES(60330,50148,30009,DATE '2025-03-03', DATE '2025-03-13',16013);
INSERT INTO RENTAL VALUES(60381,50142,30009,DATE '2025-03-19', DATE '2025-03-26',16012);
INSERT INTO RENTAL VALUES(60059,50147,30010,DATE '2025-01-04', DATE '2025-01-15',16011);
INSERT INTO RENTAL VALUES(60070,50149,30010,DATE '2025-01-18', DATE '2025-01-26',16013);
--INSERT INTO RENTAL VALUES(60116,50151,30010,DATE '2025-02-01', DATE '2025-02-13',16007);
INSERT INTO RENTAL VALUES(60125,50142,30010,DATE '2025-02-15', DATE '2025-03-01',16013);
INSERT INTO RENTAL VALUES(60316,50147,30010,DATE '2025-03-04', DATE '2025-03-17',16012);
INSERT INTO RENTAL VALUES(60320,50148,30010,DATE '2025-03-18', DATE '2025-03-30',16011);
INSERT INTO RENTAL VALUES(60437,50149,30010,DATE '2025-04-02', DATE '2025-04-10',16011);
INSERT INTO RENTAL VALUES(60004,50151,30011,DATE '2025-01-04', DATE '2025-01-10',16011);
INSERT INTO RENTAL VALUES(60052,50150,30011,DATE '2025-01-17', DATE '2025-01-30',16012);
--INSERT INTO RENTAL VALUES(60102,50142,30011,DATE '2025-02-01', DATE '2025-02-15',16034);
--INSERT INTO RENTAL VALUES(60104,50148,30011,DATE '2025-02-18', DATE '2025-02-27',16007);
INSERT INTO RENTAL VALUES(60373,50145,30011,DATE '2025-03-05', DATE '2025-03-13',16011);
INSERT INTO RENTAL VALUES(60386,50151,30011,DATE '2025-03-20', DATE '2025-04-01',16013);
--INSERT INTO RENTAL VALUES(60152,50142,30012,DATE '2025-01-04', DATE '2025-01-14',16007);
INSERT INTO RENTAL VALUES(60199,50144,30012,DATE '2025-01-18', DATE '2025-01-30',16012);
INSERT INTO RENTAL VALUES(60206,50145,30012,DATE '2025-02-04', DATE '2025-02-12',16013);
INSERT INTO RENTAL VALUES(60236,50146,30012,DATE '2025-02-18', DATE '2025-02-28',16011);
INSERT INTO RENTAL VALUES(60290,50148,30012,DATE '2025-03-05', DATE '2025-03-14',16011);
--INSERT INTO RENTAL VALUES(60356,50149,30012,DATE '2025-03-17', DATE '2025-03-24',16034);
INSERT INTO RENTAL VALUES(60027,50143,30013,DATE '2025-01-04', DATE '2025-01-14',16012);
INSERT INTO RENTAL VALUES(60143,50143,30013,DATE '2025-01-20', DATE '2025-01-27',16010);
INSERT INTO RENTAL VALUES(60164,50151,30013,DATE '2025-02-01', DATE '2025-02-13',16012);
--INSERT INTO RENTAL VALUES(60214,50151,30013,DATE '2025-02-16', DATE '2025-02-27',16034);
--INSERT INTO RENTAL VALUES(60307,50146,30013,DATE '2025-03-05', DATE '2025-03-15',16034);
INSERT INTO RENTAL VALUES(60168,50148,30014,DATE '2025-01-03', DATE '2025-01-11',16011);
--INSERT INTO RENTAL VALUES(60224,50143,30014,DATE '2025-01-17', DATE '2025-01-26',16007);
INSERT INTO RENTAL VALUES(60226,50147,30014,DATE '2025-02-02', DATE '2025-02-12',16012);
INSERT INTO RENTAL VALUES(60262,50142,30014,DATE '2025-02-17', DATE '2025-03-03',16013);
INSERT INTO RENTAL VALUES(60327,50150,30014,DATE '2025-03-05', DATE '2025-03-18',16010);
INSERT INTO RENTAL VALUES(60400,50147,30014,DATE '2025-03-20', DATE '2025-03-27',16012);
INSERT INTO RENTAL VALUES(60171,50151,30015,DATE '2025-01-03', DATE '2025-01-18',16011);
INSERT INTO RENTAL VALUES(60207,50145,30015,DATE '2025-01-19', DATE '2025-01-30',16012);
INSERT INTO RENTAL VALUES(60261,50151,30015,DATE '2025-02-01', DATE '2025-02-12',16012);
--INSERT INTO RENTAL VALUES(60266,50145,30015,DATE '2025-02-17', DATE '2025-03-01',16034);
INSERT INTO RENTAL VALUES(60319,50150,30015,DATE '2025-03-06', DATE '2025-03-13',16012);
--INSERT INTO RENTAL VALUES(60325,50146,30015,DATE '2025-03-19', DATE '2025-03-24',16007);
INSERT INTO RENTAL VALUES(60010,50145,30016,DATE '2025-01-04', DATE '2025-01-17',16012);
INSERT INTO RENTAL VALUES(60011,50149,30016,DATE '2025-01-18', DATE '2025-01-26',16012);
INSERT INTO RENTAL VALUES(60041,50151,30016,DATE '2025-02-01', DATE '2025-02-12',16012);
--INSERT INTO RENTAL VALUES(60080,50150,30016,DATE '2025-02-18', DATE '2025-02-27',16034);
INSERT INTO RENTAL VALUES(60279,50146,30016,DATE '2025-03-04', DATE '2025-03-11',16013);
--INSERT INTO RENTAL VALUES(60007,50019,30017,DATE '2025-01-02', DATE '2025-01-15',16016);
--INSERT INTO RENTAL VALUES(60037,50024,30017,DATE '2025-01-20', DATE '2025-01-29',16016);
--INSERT INTO RENTAL VALUES(60101,50021,30017,DATE '2025-02-03', DATE '2025-02-12',16016);
--INSERT INTO RENTAL VALUES(60107,50024,30017,DATE '2025-02-17', DATE '2025-03-01',16047);
--INSERT INTO RENTAL VALUES(60304,50021,30017,DATE '2025-03-03', DATE '2025-03-13',16016);
--INSERT INTO RENTAL VALUES(60385,50021,30017,DATE '2025-03-18', DATE '2025-03-29',16047);
--INSERT INTO RENTAL VALUES(60028,50026,30018,DATE '2025-01-01', DATE '2025-01-12',16016);
--INSERT INTO RENTAL VALUES(60183,50024,30018,DATE '2025-01-19', DATE '2025-01-29',16016);
--INSERT INTO RENTAL VALUES(60234,50025,30018,DATE '2025-02-03', DATE '2025-02-15',16047);
--INSERT INTO RENTAL VALUES(60248,50018,30018,DATE '2025-02-18', DATE '2025-03-02',16017);
--INSERT INTO RENTAL VALUES(60339,50023,30018,DATE '2025-03-05', DATE '2025-03-19',16017);
--INSERT INTO RENTAL VALUES(60340,50025,30018,DATE '2025-03-20', DATE '2025-03-30',16047);
--INSERT INTO RENTAL VALUES(60426,50027,30018,DATE '2025-04-04', DATE '2025-04-10',16047);
--INSERT INTO RENTAL VALUES(60089,50023,30019,DATE '2025-01-04', DATE '2025-01-17',16017);
--INSERT INTO RENTAL VALUES(60229,50021,30019,DATE '2025-01-18', DATE '2025-02-01',16047);
--INSERT INTO RENTAL VALUES(60246,50027,30019,DATE '2025-02-04', DATE '2025-02-14',16015);
--INSERT INTO RENTAL VALUES(60250,50020,30019,DATE '2025-02-17', DATE '2025-02-26',16015);
--INSERT INTO RENTAL VALUES(60285,50022,30019,DATE '2025-03-04', DATE '2025-03-11',16017);
--INSERT INTO RENTAL VALUES(60354,50026,30019,DATE '2025-03-17', DATE '2025-04-03',16014);
--INSERT INTO RENTAL VALUES(60413,50022,30019,DATE '2025-04-04', DATE '2025-04-12',16015);
--INSERT INTO RENTAL VALUES(60001,50024,30020,DATE '2025-01-01', DATE '2025-01-19',16014);
--INSERT INTO RENTAL VALUES(60014,50024,30020,DATE '2025-01-20', DATE '2025-02-02',16017);
--INSERT INTO RENTAL VALUES(60122,50023,30020,DATE '2025-02-03', DATE '2025-02-16',16016);
--INSERT INTO RENTAL VALUES(60165,50027,30020,DATE '2025-02-18', DATE '2025-02-24',16047);
--INSERT INTO RENTAL VALUES(60317,50020,30020,DATE '2025-03-03', DATE '2025-03-18',16015);
--INSERT INTO RENTAL VALUES(60380,50025,30020,DATE '2025-03-20', DATE '2025-03-27',16015);
--INSERT INTO RENTAL VALUES(60099,50019,30021,DATE '2025-01-02', DATE '2025-01-16',16015);
--INSERT INTO RENTAL VALUES(60175,50022,30021,DATE '2025-01-20', DATE '2025-01-31',16016);
--INSERT INTO RENTAL VALUES(60182,50018,30021,DATE '2025-02-03', DATE '2025-02-13',16016);
--INSERT INTO RENTAL VALUES(60237,50020,30021,DATE '2025-02-16', DATE '2025-02-28',16016);
--INSERT INTO RENTAL VALUES(60346,50022,30021,DATE '2025-03-05', DATE '2025-03-13',16016);
--INSERT INTO RENTAL VALUES(60348,50020,30021,DATE '2025-03-20', DATE '2025-03-26',16016);
--INSERT INTO RENTAL VALUES(60084,50026,30022,DATE '2025-01-02', DATE '2025-01-17',16017);
--INSERT INTO RENTAL VALUES(60088,50022,30022,DATE '2025-01-18', DATE '2025-01-30',16016);
--INSERT INTO RENTAL VALUES(60133,50019,30022,DATE '2025-02-03', DATE '2025-02-15',16047);
--INSERT INTO RENTAL VALUES(60162,50025,30022,DATE '2025-02-18', DATE '2025-02-25',16016);
--INSERT INTO RENTAL VALUES(60286,50024,30022,DATE '2025-03-03', DATE '2025-03-12',16017);
--INSERT INTO RENTAL VALUES(60394,50022,30022,DATE '2025-03-18', DATE '2025-03-30',16047);
--INSERT INTO RENTAL VALUES(60417,50026,30022,DATE '2025-04-05', DATE '2025-04-13',16017);
--INSERT INTO RENTAL VALUES(60018,50021,30023,DATE '2025-01-03', DATE '2025-01-13',16015);
--INSERT INTO RENTAL VALUES(60045,50023,30023,DATE '2025-01-17', DATE '2025-01-31',16015);
--INSERT INTO RENTAL VALUES(60123,50018,30023,DATE '2025-02-03', DATE '2025-02-14',16014);
--INSERT INTO RENTAL VALUES(60192,50024,30023,DATE '2025-02-16', DATE '2025-02-25',16016);
--INSERT INTO RENTAL VALUES(60405,50026,30023,DATE '2025-03-03', DATE '2025-03-15',16017);
--INSERT INTO RENTAL VALUES(60407,50021,30023,DATE '2025-03-21', DATE '2025-03-31',16014);
--INSERT INTO RENTAL VALUES(60414,50028,30023,DATE '2025-04-04', DATE '2025-04-10',16017);
--INSERT INTO RENTAL VALUES(60218,50018,30024,DATE '2025-01-01', DATE '2025-01-14',16015);
INSERT INTO RENTAL VALUES(60295,50004,30030,DATE '2025-03-19', DATE '2025-03-26',16020);
--INSERT INTO RENTAL VALUES(60006,50132,30031,DATE '2025-01-04', DATE '2025-01-14',16023);
--INSERT INTO RENTAL VALUES(60095,50134,30031,DATE '2025-01-20', DATE '2025-01-31',16008);
--INSERT INTO RENTAL VALUES(60172,50130,30031,DATE '2025-02-04', DATE '2025-02-13',16027);
--INSERT INTO RENTAL VALUES(60189,50135,30031,DATE '2025-02-17', DATE '2025-02-28',16025);
--INSERT INTO RENTAL VALUES(60278,50132,30031,DATE '2025-03-02', DATE '2025-03-13',16008);
--INSERT INTO RENTAL VALUES(60287,50137,30031,DATE '2025-03-20', DATE '2025-03-27',16023);
--INSERT INTO RENTAL VALUES(60033,50131,30032,DATE '2025-01-03', DATE '2025-01-15',16008);
--INSERT INTO RENTAL VALUES(60051,50129,30032,DATE '2025-01-20', DATE '2025-02-01',16025);
--INSERT INTO RENTAL VALUES(60060,50136,30032,DATE '2025-02-03', DATE '2025-02-15',16023);
--INSERT INTO RENTAL VALUES(60065,50128,30032,DATE '2025-02-18', DATE '2025-02-27',16027);
--INSERT INTO RENTAL VALUES(60314,50136,30032,DATE '2025-03-04', DATE '2025-03-17',16025);
--INSERT INTO RENTAL VALUES(60361,50130,30032,DATE '2025-03-19', DATE '2025-03-28',16023);
--INSERT INTO RENTAL VALUES(60415,50139,30032,DATE '2025-04-03', DATE '2025-04-17',16023);
--INSERT INTO RENTAL VALUES(60438,50133,30032,DATE '2025-04-19', DATE '2025-04-25',16023);
--INSERT INTO RENTAL VALUES(60064,50136,30033,DATE '2025-01-05', DATE '2025-01-10',16026);
--INSERT INTO RENTAL VALUES(60087,50130,30033,DATE '2025-01-16', DATE '2025-01-27',16008);
--INSERT INTO RENTAL VALUES(60200,50135,30033,DATE '2025-02-02', DATE '2025-02-13',16027);
--INSERT INTO RENTAL VALUES(60235,50132,30033,DATE '2025-02-16', DATE '2025-02-26',16008);
--INSERT INTO RENTAL VALUES(60281,50135,30033,DATE '2025-03-02', DATE '2025-03-12',16008);
--INSERT INTO RENTAL VALUES(60021,50130,30034,DATE '2025-01-01', DATE '2025-01-16',16025);
--INSERT INTO RENTAL VALUES(60085,50135,30034,DATE '2025-01-20', DATE '2025-01-28',16023);
--INSERT INTO RENTAL VALUES(60130,50128,30034,DATE '2025-02-01', DATE '2025-02-09',16025);
--INSERT INTO RENTAL VALUES(60174,50130,30034,DATE '2025-02-16', DATE '2025-02-27',16027);
--INSERT INTO RENTAL VALUES(60294,50135,30034,DATE '2025-03-02', DATE '2025-03-19',16025);
--INSERT INTO RENTAL VALUES(60305,50137,30034,DATE '2025-03-20', DATE '2025-03-26',16023);
--INSERT INTO RENTAL VALUES(60148,50129,30035,DATE '2025-01-04', DATE '2025-01-14',16024);
--INSERT INTO RENTAL VALUES(60166,50132,30035,DATE '2025-01-20', DATE '2025-02-01',16026);
--INSERT INTO RENTAL VALUES(60173,50136,30035,DATE '2025-02-03', DATE '2025-02-15',16026);
--INSERT INTO RENTAL VALUES(60176,50133,30035,DATE '2025-02-16', DATE '2025-02-27',16023);
--INSERT INTO RENTAL VALUES(60273,50128,30035,DATE '2025-03-06', DATE '2025-03-10',16025);
--INSERT INTO RENTAL VALUES(60364,50128,30035,DATE '2025-03-17', DATE '2025-03-24',16026);
--INSERT INTO RENTAL VALUES(60096,50137,30036,DATE '2025-01-02', DATE '2025-01-17',16023);
--INSERT INTO RENTAL VALUES(60203,50131,30036,DATE '2025-01-19', DATE '2025-01-31',16023);
--INSERT INTO RENTAL VALUES(60239,50137,30036,DATE '2025-02-03', DATE '2025-02-14',16024);
--INSERT INTO RENTAL VALUES(60249,50136,30036,DATE '2025-02-16', DATE '2025-02-27',16008);
--INSERT INTO RENTAL VALUES(60335,50136,30036,DATE '2025-03-02', DATE '2025-03-14',16024);
--INSERT INTO RENTAL VALUES(60013,50128,30037,DATE '2025-01-01', DATE '2025-01-12',16024);
--INSERT INTO RENTAL VALUES(60024,50135,30037,DATE '2025-01-16', DATE '2025-01-26',16027);
--INSERT INTO RENTAL VALUES(60121,50136,30037,DATE '2025-02-01', DATE '2025-02-09',16027);
--INSERT INTO RENTAL VALUES(60154,50133,30037,DATE '2025-02-15', DATE '2025-02-27',16025);
--INSERT INTO RENTAL VALUES(60332,50131,30037,DATE '2025-03-03', DATE '2025-03-15',16026);
--INSERT INTO RENTAL VALUES(60392,50134,30037,DATE '2025-03-20', DATE '2025-03-27',16027);
--INSERT INTO RENTAL VALUES(60049,50134,30038,DATE '2025-01-02', DATE '2025-01-12',16026);
--INSERT INTO RENTAL VALUES(60153,50136,30038,DATE '2025-01-18', DATE '2025-01-29',16026);
--INSERT INTO RENTAL VALUES(60198,50131,30038,DATE '2025-02-04', DATE '2025-02-13',16026);
--INSERT INTO RENTAL VALUES(60241,50134,30038,DATE '2025-02-18', DATE '2025-02-26',16024);
--INSERT INTO RENTAL VALUES(60370,50130,30038,DATE '2025-03-02', DATE '2025-03-12',16027);
--INSERT INTO RENTAL VALUES(60076,50129,30039,DATE '2025-01-05', DATE '2025-01-15',16008);
--INSERT INTO RENTAL VALUES(60193,50131,30039,DATE '2025-01-18', DATE '2025-01-31',16023);
--INSERT INTO RENTAL VALUES(60208,50137,30039,DATE '2025-02-01', DATE '2025-02-17',16026);
--INSERT INTO RENTAL VALUES(60217,50134,30039,DATE '2025-02-19', DATE '2025-02-28',16023);
--INSERT INTO RENTAL VALUES(60297,50130,30039,DATE '2025-03-04', DATE '2025-03-14',16023);
INSERT INTO RENTAL VALUES(60023,50136,30040,DATE '2025-01-01', DATE '2025-01-16',16030);
INSERT INTO RENTAL VALUES(60156,50134,30040,DATE '2025-01-19', DATE '2025-01-30',16029);
INSERT INTO RENTAL VALUES(60170,50130,30040,DATE '2025-02-03', DATE '2025-02-15',16029);
INSERT INTO RENTAL VALUES(60181,50136,30040,DATE '2025-02-18', DATE '2025-03-03',16029);
--INSERT INTO RENTAL VALUES(60357,50133,30040,DATE '2025-03-06', DATE '2025-03-16',16028);
INSERT INTO RENTAL VALUES(60377,50133,30040,DATE '2025-03-20', DATE '2025-03-28',16031);
--INSERT INTO RENTAL VALUES(60002,50131,30041,DATE '2025-01-01', DATE '2025-01-15',16047);
--INSERT INTO RENTAL VALUES(60032,50136,30041,DATE '2025-01-19', DATE '2025-01-28',16040);
INSERT INTO RENTAL VALUES(60058,50131,30041,DATE '2025-01-31', DATE '2025-02-16',16031);
INSERT INTO RENTAL VALUES(60068,50137,30041,DATE '2025-02-18', DATE '2025-03-01',16031);
--INSERT INTO RENTAL VALUES(60167,50072,30050,DATE '2025-01-04', DATE '2025-01-10',16034);
--INSERT INTO RENTAL VALUES(60231,50069,30050,DATE '2025-01-17', DATE '2025-01-31',16035);
--INSERT INTO RENTAL VALUES(60240,50077,30050,DATE '2025-02-02', DATE '2025-02-14',16035);
--INSERT INTO RENTAL VALUES(60253,50069,30050,DATE '2025-02-17', DATE '2025-02-27',16034);
--INSERT INTO RENTAL VALUES(60402,50072,30050,DATE '2025-03-04', DATE '2025-03-17',16032);
--INSERT INTO RENTAL VALUES(60408,50070,30050,DATE '2025-03-19', DATE '2025-03-25',16032);
--INSERT INTO RENTAL VALUES(60040,50073,30051,DATE '2025-01-04', DATE '2025-01-11',16033);
--INSERT INTO RENTAL VALUES(60074,50072,30051,DATE '2025-01-17', DATE '2025-01-28',16032);
--INSERT INTO RENTAL VALUES(60082,50068,30051,DATE '2025-02-01', DATE '2025-02-13',16032);
--INSERT INTO RENTAL VALUES(60100,50070,30051,DATE '2025-02-16', DATE '2025-03-04',16034);
--INSERT INTO RENTAL VALUES(60399,50075,30051,DATE '2025-03-05', DATE '2025-03-15',16034);
--INSERT INTO RENTAL VALUES(60403,50077,30051,DATE '2025-03-19', DATE '2025-03-31',16032);
--INSERT INTO RENTAL VALUES(60419,50076,30051,DATE '2025-04-03', DATE '2025-04-10',16033);
--INSERT INTO RENTAL VALUES(60427,50080,30051,DATE '2025-04-17', DATE '2025-04-28',16032);
--INSERT INTO RENTAL VALUES(60429,50077,30051,DATE '2025-05-02', DATE '2025-05-09',16034);
--INSERT INTO RENTAL VALUES(60146,50070,30052,DATE '2025-01-02', DATE '2025-01-11',16032);
--INSERT INTO RENTAL VALUES(60179,50075,30052,DATE '2025-01-18', DATE '2025-01-27',16033);
--INSERT INTO RENTAL VALUES(60209,50072,30052,DATE '2025-02-01', DATE '2025-02-13',16035);
--INSERT INTO RENTAL VALUES(60243,50074,30052,DATE '2025-02-16', DATE '2025-02-26',16032);
--INSERT INTO RENTAL VALUES(60291,50074,30052,DATE '2025-03-03', DATE '2025-03-16',16032);
--INSERT INTO RENTAL VALUES(60292,50070,30052,DATE '2025-03-19', DATE '2025-03-21',16032);
--INSERT INTO RENTAL VALUES(60435,50073,30052,DATE '2025-04-05', DATE '2025-04-05',16032);
INSERT INTO RENTAL VALUES(60078,50117,30053,DATE '2025-01-01', DATE '2025-01-02',16038);
INSERT INTO RENTAL VALUES(60177,50118,30053,DATE '2025-01-19', DATE '2025-02-02',16037);
--INSERT INTO RENTAL VALUES(60194,50117,30053,DATE '2025-02-04', DATE '2025-02-14',16015);
INSERT INTO RENTAL VALUES(60219,50111,30053,DATE '2025-02-18', DATE '2025-03-03',16037);
--INSERT INTO RENTAL VALUES(60358,50110,30053,DATE '2025-03-05', DATE '2025-03-13',16039);
--INSERT INTO RENTAL VALUES(60383,50117,30053,DATE '2025-03-20', DATE '2025-03-26',16015);
--INSERT INTO RENTAL VALUES(60423,50112,30053,DATE '2025-04-02', DATE '2025-04-14',16039);
--INSERT INTO RENTAL VALUES(60430,50119,30053,DATE '2025-04-19', DATE '2025-04-24',16015);
--INSERT INTO RENTAL VALUES(60030,50112,30054,DATE '2025-01-02', DATE '2025-01-17',16039);
INSERT INTO RENTAL VALUES(60103,50117,30054,DATE '2025-01-19', DATE '2025-01-28',16036);
--INSERT INTO RENTAL VALUES(60106,50111,30054,DATE '2025-02-04', DATE '2025-02-09',16015);
INSERT INTO RENTAL VALUES(60119,50118,30054,DATE '2025-02-16', DATE '2025-03-02',16037);
INSERT INTO RENTAL VALUES(60280,50116,30054,DATE '2025-03-04', DATE '2025-03-18',16036);
INSERT INTO RENTAL VALUES(60008,50115,30055,DATE '2025-01-03', DATE '2025-01-09',16036);
--INSERT INTO RENTAL VALUES(60035,50118,30055,DATE '2025-01-16', DATE '2025-01-28',16039);
--INSERT INTO RENTAL VALUES(60140,50116,30055,DATE '2025-02-01', DATE '2025-02-16',16015);
INSERT INTO RENTAL VALUES(60161,50114,30055,DATE '2025-02-17', DATE '2025-02-25',16036);
INSERT INTO RENTAL VALUES(60277,50117,30055,DATE '2025-03-02', DATE '2025-03-15',16036);
--INSERT INTO RENTAL VALUES(60345,50119,30055,DATE '2025-03-19', DATE '2025-03-24',16047);
INSERT INTO RENTAL VALUES(60056,50113,30056,DATE '2025-01-03', DATE '2025-01-03',16038);

--INSERT INTO RENTAL VALUES(10436,50071,30049, DATE '2025-04-04', null,16034);
--INSERT INTO RENTAL VALUES(10428,50136,30047, DATE '2025-04-01', null,16047);
--INSERT INTO RENTAL VALUES(10401,50131,30041, DATE '2025-03-17', null,16047);
INSERT INTO RENTAL VALUES(10412,50140,30046, DATE '2025-04-02', null,16029);
--INSERT INTO RENTAL VALUES(10388,50056,30061, DATE '2025-03-20', null,16043);
--INSERT INTO RENTAL VALUES(10334,50058,30064, DATE '2025-03-21', null,16042);
--INSERT INTO RENTAL VALUES(10293,50137,30072, DATE '2025-03-20', null,16026);
--INSERT INTO RENTAL VALUES(10422,50115,30056, DATE '2025-04-01', null,16040);
INSERT INTO RENTAL VALUES(10416,50119,30057, DATE '2025-04-03', null,16038);
--INSERT INTO RENTAL VALUES(10396,50077,30070, DATE '2025-03-18', null,16032);
--INSERT INTO RENTAL VALUES(10410,50042,30000, DATE '2025-04-04', null,16007);
INSERT INTO RENTAL VALUES(10308,50034,30003, DATE '2025-03-18', null,16003);
INSERT INTO RENTAL VALUES(10353,50149,30016, DATE '2025-03-17', null,16013);
INSERT INTO RENTAL VALUES(10391,50149,30013, DATE '2025-03-20', null,16013);
INSERT INTO RENTAL VALUES(10425,50153,30011, DATE '2025-04-05', null,16012);
--INSERT INTO RENTAL VALUES(10409,50026,30017, DATE '2025-04-03', null,16047);
--INSERT INTO RENTAL VALUES(10299,50129,30033, DATE '2025-03-18', null,16027);
--INSERT INTO RENTAL VALUES(10384,50131,30038, DATE '2025-03-17', null,16026);
--INSERT INTO RENTAL VALUES(10298,50134,30039, DATE '2025-03-20', null,16023);
--INSERT INTO RENTAL VALUES(10341,50133,30036, DATE '2025-03-18', null,16008);
--INSERT INTO RENTAL VALUES(10351,50111,30054, DATE '2025-03-20', null,16040);


INSERT INTO DAMAGE (ID,DESCRIPTION,RENTAL,RESPONSIBLE,DAMAGE_DATE,REPAIR_DATE) VALUES(8001,'Reifen',60181,16031,DATE '2025-02-27',DATE '2025-03-01');
--INSERT INTO DAMAGE (ID,DESCRIPTION,RENTAL,RESPONSIBLE,DAMAGE_DATE) VALUES(8002,'Reifen',60013,16008,DATE '2025-01-12');
--INSERT INTO DAMAGE (ID,DESCRIPTION,RENTAL,RESPONSIBLE,DAMAGE_DATE,REPAIR_DATE) VALUES(8003,'Kette',60072,16021,DATE '2025-02-10',DATE '2025-02-10');
--INSERT INTO DAMAGE (ID,DESCRIPTION,RENTAL,RESPONSIBLE,DAMAGE_DATE,REPAIR_DATE) VALUES(8004,'Kette',60238,16031,DATE '2025-02-19',DATE '2025-02-19');
--INSERT INTO DAMAGE (ID,DESCRIPTION,RENTAL,RESPONSIBLE,DAMAGE_DATE,REPAIR_DATE) VALUES(8005,'Schaltung',60238,16031,DATE '2025-02-20',DATE '2025-02-20');
--INSERT INTO DAMAGE (ID,DESCRIPTION,RENTAL,RESPONSIBLE,DAMAGE_DATE,REPAIR_DATE) VALUES(8006,'Kette',60238,16031,DATE '2025-02-21',DATE '2025-02-22');
--INSERT INTO DAMAGE (ID,DESCRIPTION,RENTAL,RESPONSIBLE,DAMAGE_DATE) VALUES(8007,'Beleuchtung',60423,16015,DATE '2025-04-14');
INSERT INTO DAMAGE (ID,DESCRIPTION,RENTAL,RESPONSIBLE,DAMAGE_DATE) VALUES(8008,'Kette',60379,16031,DATE '2025-03-13');
--INSERT INTO DAMAGE (ID,DESCRIPTION,RENTAL,RESPONSIBLE,DAMAGE_DATE) VALUES(8009,'Beleuchtung',60294,16008,DATE '2025-03-18');
--INSERT INTO DAMAGE (ID,DESCRIPTION,RENTAL,RESPONSIBLE,DAMAGE_DATE) VALUES(8010,'Bremsen',60036,16019,DATE '2025-01-13');
--INSERT INTO DAMAGE (ID,DESCRIPTION,RENTAL,RESPONSIBLE,DAMAGE_DATE) VALUES(8011,'Beleuchtung',60114,16008,DATE '2025-02-11');
INSERT INTO DAMAGE (ID,DESCRIPTION,RENTAL,RESPONSIBLE,DAMAGE_DATE) VALUES(8012,'Kette',60254,16011,DATE '2025-01-26');
--INSERT INTO DAMAGE (ID,DESCRIPTION,RENTAL,RESPONSIBLE,DAMAGE_DATE) VALUES(8013,'Ventil',60259,16006,DATE '2025-02-21');
--INSERT INTO DAMAGE (ID,DESCRIPTION,RENTAL,RESPONSIBLE,DAMAGE_DATE) VALUES(8014,'Bremsen',60349,16031,DATE '2025-03-14');
--INSERT INTO DAMAGE (ID,DESCRIPTION,RENTAL,RESPONSIBLE,DAMAGE_DATE) VALUES(8015,'Sattel',60081,16031,DATE '2025-02-11');
--INSERT INTO DAMAGE (ID,DESCRIPTION,RENTAL,RESPONSIBLE,DAMAGE_DATE) VALUES(8016,'Beleuchtung',60066,16021,DATE '2025-01-11');
--INSERT INTO DAMAGE (ID,DESCRIPTION,RENTAL,RESPONSIBLE,DAMAGE_DATE) VALUES(8017,'Kette',60153,16024,DATE '2025-01-29');
--INSERT INTO DAMAGE (ID,DESCRIPTION,RENTAL,RESPONSIBLE,DAMAGE_DATE,REPAIR_DATE) VALUES(8018,'Pedale',60154,16024,DATE '2025-02-23',DATE '2025-02-26');
--INSERT INTO DAMAGE (ID,DESCRIPTION,RENTAL,RESPONSIBLE,DAMAGE_DATE) VALUES(8019,'Beleuchtung',60154,16024,DATE '2025-02-27');
INSERT INTO DAMAGE (ID,DESCRIPTION,RENTAL,RESPONSIBLE,DAMAGE_DATE) VALUES(8020,'Kette',60271,16031,DATE '2025-02-09');
INSERT INTO DAMAGE (ID,DESCRIPTION,RENTAL,RESPONSIBLE,DAMAGE_DATE,REPAIR_DATE) VALUES(8021,'Pedale',60377,16031,DATE '2025-03-22',DATE '2025-03-23');
INSERT INTO DAMAGE (ID,DESCRIPTION,RENTAL,RESPONSIBLE,DAMAGE_DATE) VALUES(8031,'Sattel',60377,16031,DATE '2025-03-28');
--INSERT INTO DAMAGE (ID,DESCRIPTION,RENTAL,RESPONSIBLE,DAMAGE_DATE,REPAIR_DATE) VALUES(8022,'Bremsen',60009,16008,DATE '2025-01-04',DATE '2025-01-04');
--INSERT INTO DAMAGE (ID,DESCRIPTION,RENTAL,RESPONSIBLE,DAMAGE_DATE,REPAIR_DATE) VALUES(8023,'Beleuchtung',60009,16008,DATE '2025-01-07',DATE '2025-01-08');
--INSERT INTO DAMAGE (ID,DESCRIPTION,RENTAL,RESPONSIBLE,DAMAGE_DATE) VALUES(8024,'Pedale',60009,16008,DATE '2025-01-11');
--INSERT INTO DAMAGE (ID,DESCRIPTION,RENTAL,RESPONSIBLE,DAMAGE_DATE) VALUES(8025,'Bremsen',60202,16031,DATE '2025-03-02');
--INSERT INTO DAMAGE (ID,DESCRIPTION,RENTAL,RESPONSIBLE,DAMAGE_DATE) VALUES(8026,'Kette',60127,16031,DATE '2025-03-04');
--INSERT INTO DAMAGE (ID,DESCRIPTION,RENTAL,RESPONSIBLE,DAMAGE_DATE) VALUES(8027,'Rahmen',60032,16031,DATE '2025-01-20');
--INSERT INTO DAMAGE (ID,DESCRIPTION,RENTAL,RESPONSIBLE,DAMAGE_DATE) VALUES(8028,'Bremsen',60019,16006,DATE '2025-01-17');
--INSERT INTO DAMAGE (ID,DESCRIPTION,RENTAL,RESPONSIBLE,DAMAGE_DATE) VALUES(8029,'Bremsen',60191,16031,DATE '2025-02-10');
--INSERT INTO DAMAGE (ID,DESCRIPTION,RENTAL,RESPONSIBLE,DAMAGE_DATE) VALUES(8030,'Kette',60281,16024,DATE '2025-03-12');
